AD-SaUDA	Universitat_d'Andorra
AR-BaCIN	CIN
AR-BaMM	Museo_Mitre
AR-BaU	Universidad_de_Buenos_Aires
AR-CdU	Universidad_Nacional_de_Córdoba
AR-LpU	Universidad_Nacional_de_La_Plata
AR-PiUA	Universidad_Austral
AsGTU	Technische_Universität_Graz
AT-4:OOeLB	Oberösterreichische_Landesbibliothek
AT-9:STLBW	Wienbibliothek_im_Rathaus
AT-AKW	AK_Bibliothek_Wien_für_Sozialwissenschaften
AT-LAW	Wiener_Stadt-_und_Landesarchiv
AT-LBST	Steiermärkische_Landesbibliothek
AT-LMK	Kärntner_Landesbibliothek
AT-NOeLB	Niederösterreichische_Landesbibliothek
AT-OOeLB	Oberösterreichische_Landesbibliothek
AT-UBAW	Universitätsbibliothek_der_Universität_für_angewandte_Kunst_Wien
AT-WBR	Wienbibliothek_im_Rathaus
AuArU	University_of_New_England
AuAU	University_of_Adelaide
AU-BbSAE	SAE_Institute
AU-CaNG	National_Gallery_of_Australia
AuClM	Monash_University
AuCNL	National_Library_of_Australia
AuHU	University_of_Tasmania
AuKU	University_of_New_South_Wales
AuMuU	Murdoch_University
AuMU	University_of_Melbourne
AuNaG	Griffith_University
AuNcU	University_of_Newcastle
AuNeU	University_of_Western_Australia
AuNrM	Macquarie_University
AU-RhCQU	Central_Queensland_University
AuSU	University_of_Sydney
AuU	Australian_National_University
BE-GnHG	Hogeschool_Gent
BeLU	Université_de_Liège
BE-MoUCM	Facultés_universitaires_catholiques_de_Mons
BE-NaUND	Facultés_universitaires_Notre-Dame_de_la_Paix
BR-BhUEM	Universidade_do_Estado_de_Minas_Gerais
BR-BhUFM	Universidade_Federal_de_Minas_Gerais
BR-BrUNB	Universidade_de_Brasília
BR-CbT	Telefonica
BR-CrUES	Universidade_do_Extremo_Sul_Catarinense
BR-CuPUC	Pontifícia_Universidade_Católica_do_Paraná
BR-CuUPA	Universidade_Federal_do_Paraná
BR-CuUTF	Universidade_Tecnológica_Federal_do_Paraná
BR-FlUSC	Universidade_Federal_de_Santa_Catarina
BR-PaURS	Universidade_Federal_do_Rio_Grande_do_Sul
BR-RjIME	Instituto_Militar_de_Engenharia
BR-RjMHN	Museu_Histórico_Nacional
BR-RjPUC	Pontifícia_Universidade_Católica_do_Rio_de_Janeiro
BR-RjUF	Universidade_Federal_do_Rio_de_Janeiro
BR-SpU	Universidade_de_São_Paulo
BR-SsUC	Universidade_Católica_de_Santos
BR-SvUFB	Universidade_Federal_da_Bahia
BR-TbUSS	Universidade_do_Sul_de_Santa_Catarina
CH-AaAKB	Aargauer_Kantonsbibliothek
CH-GeWMO	World_Meteorological_Organization
CH-GeWTO	World_Trade_Organization
CL-CcUBB	Universidad_del_Bío-Bío
CL-SaECL	Economic_Commission_for_Latin_America_and_the_Caribbean
ClSaUC	Universidad_de_Chile
ClVaU	Universidad_de_Valparaíso
CO-BoICC	Instituto_Caro_y_Cuervo
CO-BoPUJ	Pontificia_Universidad_Javeriana
CrU	Universidad_de_Costa_Rica
CY-NiOU	Open_University_of_Cyprus
DE-101	Deutsche_Nationalbibliothek
DE-1022	Bücherei_im_Bahnhof
DE-106	Städtische_Bibliotheken_Dresden
DE-1070	Bücherei
DE-1079	Stadtbibliothek_Göppingen
DE-107	Pfälzische_Landesbibliothek_Speyer
DE-109	Amerika-Gedenkbibliothek
DE-109	Zentral-_und_Landesbibliothek_Berlin
DE-110	Fürstliche_Bibliothek_Corvey
DE-111	Anhaltische_Landesbücherei
DE-115	Stadtbibliothek_Hannover
DE-11	Universitätsbibliothek_der_Humboldt-Universität_zu_Berlin
DE-121	Stadtbibliothek_Trier
DE-121	Vorlage:Infobox_Bibliothek/Doku
DE-1229	Stadtbibliothek_Weil_am_Rhein
DE-1238	Stadtbibliothek_Gotha
DE-123	Stadtbibliothek_Worms
DE-124	Christian-Weise-Bibliothek
DE-127	Staatliche_Bibliothek_Ansbach
DE-128	Hofbibliothek
DE-128	Hofbibliothek_Aschaffenburg
DE-12	Bayerische_Staatsbibliothek
DE-132	Stadtbücherei_Bochum
DE-136	Stadtbibliothek_Duisburg
DE-1370	Stadtbibliothek_Mannheim
DE-138	Eutiner_Landesbibliothek
DE-150	Staatliche_Bibliothek_Neuburg_an_der_Donau
DE-154	Staatliche_Bibliothek_Passau
DE-155	Staatliche_Bibliothek_Regensburg
DE-16	Universitätsbibliothek_Heidelberg
DE-173	Stadtbibliothek_Flensburg
DE-180	Universitätsbibliothek_Mannheim
DE-1823	Stadtbibliothek_Greifswald
DE-186	Stadt-_und_Landesbibliothek_Potsdam
DE-188	Universitätsbibliothek_der_Freien_Universität_Berlin
DE-18	Staats-_und_Universitätsbibliothek_Hamburg
DE-18	Staats-_und_Universitätsbibliothek_Hamburg_Carl_von_Ossietzky
DE-198	Regionalbibliothek_Neubrandenburg
DE-19	Universitätsbibliothek_München
DE-1a	Staatsbibliothek_zu_Berlin
DE-1	Staatsbibliothek_zu_Berlin
DE-20	Universitätsbibliothek_Würzburg
DE-21-118	Universitätsarchiv
DE-21	Universitätsbibliothek_Tübingen
DE-224	Stadtbücherei_Düren
DE-227	Kreis-_und_Stadtbücherei_Gummersbach
DE-22	Staatsbibliothek_Bamberg
DE-236	Stadtbücherei_Iserlohn
DE-238	Stadtbibliothek_Leverkusen
DE-23	Herzog_August_Bibliothek
DE-23	Herzog_August_Bibliothek_Wolfenbüttel
DE-24-1	Deutsche_Pharmazeutische_Zentralbibliothek
DE-247	Stadtbücherei_Lüdenscheid
DE-24	Württembergische_Landesbibliothek
DE-259	Stadtbibliothek
DE-25	Universitätsbibliothek_Freiburg
DE-264	Stadtbibliothek_Offenbach
DE-268	Stadtbibliothek_Ratingen
DE-277	Stadtbücherei_Frankfurt_am_Main
DE-279	Stadtbibliothek_Ludwigsburg
DE-27	Thüringer_Universitäts-_und_Landesbibliothek
DE-281	Bibliothek_des_Deutschen_Bundestages
DE-284	Stadtbücherei_Würzburg
DE-285	Stadtbibliothek_Göttingen
DE-28	Universitätsbibliothek_Rostock
DE-290	Universitätsbibliothek_Dortmund
DE-291	Saarländische_Universitäts-_und_Landesbibliothek
DE-294	Universitätsbibliothek_Bochum
DE-295	Stadtbibliothek_Ludwigshafen
DE-30	Universitätsbibliothek_Johann_Christian_Senckenberg
DE-31	Badische_Landesbibliothek
DE-32	Herzogin_Anna_Amalia_Bibliothek
DE-34	Universitätsbibliothek_Kassel_–_Landesbibliothek_und_Murhardsche_Bibliothek_der_Stadt_Kassel
DE-355	Universitätsbibliothek_Regensburg
DE-361	Universitätsbibliothek_Bielefeld
DE-367	Bibliothek_Witten
DE-371	Stadtbibliothek_Gütersloh
DE-37	Staats-_und_Stadtbibliothek_Augsburg
DE-380	Stadtbibliothek_Köln
DE-384	Universitätsbibliothek_Augsburg
DE-38M	Deutsche_Zentralbibliothek_für_Medizin
DE-393	Stadtbücherei_Jülich
DE-425	Stadtbücherei_Werne
DE-430	Stadtbibliothek_Dormagen
DE-43	Landesbibliothek_Wiesbaden
DE-447	Stadtbücherei_Münster
DE-45	Landesbibliothek_Oldenburg
DE-462	Stadtbibliothek_Baden-Baden
DE-466	Universitätsbibliothek_Paderborn
DE-467	Universitätsbibliothek_Siegen
DE-46a	Staats-_und_Universitätsbibliothek_Bremen
DE-46	Staats-_und_Universitätsbibliothek_Bremen
DE-478	Stadtbibliothek_Bremen
DE-480	Stadtbibliothek_Stuttgart
DE-480	Stadtbücherei_Stuttgart
DE-48	Bibliothek_der_Hansestadt_Lübeck
DE-48	Stadtbibliothek_(Lübeck)
DE-517	Universitätsbibliothek_Potsdam
DE-52	Stadtbibliothek_Aachen
DE-547	Universitäts-_und_Forschungsbibliothek_Erfurt/Gotha
DE-54	Provinzialbibliothek_Amberg
DE-56	Stadtbibliothek_Braunschweig
DE-583	SRH_Fachhochschule_Hamm
DE-588a	Personennamendatei
DE-588	Gemeinsame_Normdatei
DE-58	Fürstlich_Schaumburg-Lippische_Hofbibliothek
DE-59	Stadtbibliothek_Chemnitz
DE-5	Universitäts-_und_Landesbibliothek_Bonn
DE-602	Kooperativer_Bibliotheksverbund_Berlin-Brandenburg
DE-606	Elektronische_Zeitschriftenbibliothek
DE-60	Stadt-_und_Landesbibliothek_Dortmund
DE-61	Universitäts-_und_Landesbibliothek_Düsseldorf
DE-62	Stadtbibliothek_Wuppertal
DE-6-335	Zentrum_für_Lehrerbildung
DE-63	Stadt-_und_Regionalbibliothek_Erfurt
DE-68	Schleswig-Holsteinische_Landesbibliothek
DE-69	Stadtbibliothek_Koblenz
DE-6	Universitäts-_und_Landesbibliothek_Münster
DE-703	Universitätsbibliothek_Bayreuth
DE-705	Universitätsbibliothek_der_Helmut-Schmidt-Universität
DE-70	Landesbibliothek_Coburg
DE-725	Stadtbibliothek_Nordhorn
DE-728	Bibliothek_Waldmühle
DE-775	Stadtbücherei_Goch
DE-77	Universitätsbibliothek_Mainz
DE-797	Stadtbücherei_Rees
DE-7	Niedersächsische_Staats-_und_Universitätsbibliothek_Göttingen
DE-830	Universitätsbibliothek_der_Technischen_Universität_Hamburg-Harburg
DE-833	Stadtbibliothek_Heilbronn
DE-84	Universitätsbibliothek_Braunschweig
DE-855	Stadt-_und_Schulbücherei_Gunzenhausen
DE-863	Bibliothek_der_Hochschule_Würzburg-Schweinfurt
DE-893	Stadtbibliothek_Lörrach
DE-89	Technische_Informationsbibliothek
DE-924	Wissenschaftliche_Regionalbibliothek_Lörrach
DE-933	Stadtbücherei_Hückelhoven
DE-93	Universitätsbibliothek_Stuttgart
DE-960	Bibliothek_der_Hochschule_Hannover
DE-990	Stadtbibliothek_Weißenburg
DE-9	Universitätsbibliothek_Greifswald
DE-A99	Mikado_(Fachbibliothek)
DE-Aug10	Archiv_des_Bistums_Augsburg
DE-Aug8	Staatsarchiv_Augsburg
DE-Aug9	Stadtarchiv_Augsburg
DE-B1542	Genderbibliothek
DE-B1544	Spinnboden
DE-B1576	Bibliothek_der_Freien
DE-B1588	Bundesarchiv-Filmarchiv
DE-B1588	Filmarchiv_des_Bundesarchivs
DE-B1592	Wikimedia_Deutschland
DE-B171	Stiftung_Stadtmuseum_Berlin
DE-Bbg11	Schloss_Bernburg
DE-Bgl1	Stadtarchiv_Bergisch_Gladbach
DE-Bm3	Bibliothek_des_Ruhrgebiets
DE-Bm3	Haus_der_Geschichte_des_Ruhrgebiets
DE-Bre15	Stiftung_Frauen-Literatur-Forschung_e.V.
DE-Bre1	Staatsarchiv_Bremen
DE-Bret1	Melanchthonhaus_(Bretten)
DE-Bs92	Stadtarchiv_Braunschweig
DE-Cb2	Staatsarchiv_Coburg
DE-D207	Karl-Preusker-Bücherei
DE-D262	Stadtbibliothek_Freital
DE-Db9	Stadtarchiv_Duisburg
DE-Di1	Studienbibliothek_Dillingen
DE-Dm13	Fachhochschulbibliothek_Dortmund
DE-Due62	Hochschulbibliothek_der_Fachhochschule_Düsseldorf
DE-Ef27	Bibliothek_des_Evangelischen_Ministeriums_im_Augustinerkloster_Erfurt
DE-Em2	Johannes_a_Lasco_Bibliothek
DE-Fh1	Bodenseebibliothek
DE-Freis2	Dombibliothek
DE-Freis2	Dombibliothek_Freising
DE-H220	GIGA_Informationszentrum
DE-H221	GIGA_Informationszentrum
DE-H99	Nordelbische_Kirchenbibliothek
DE-Ha32	Marienbibliothek
DE-Hal8	Museum_Haldensleben
DE-Hav2	Prignitz-Museum
DE-Hb4	Kleist-Archiv_Sembdner
DE-Hel1	Ehemalige_Universitätsbibliothek_Helmstedt
DE-Hil6	Dombibliothek_Hildesheim
DE-Hmm1	Stadtarchiv_Hamm
DE-Hmm1	Technisches_Rathaus_Hamm
DE-Ig2	Deutsches_Medizinhistorisches_Museum
DE-Ilm1	Universitätsbibliothek_Ilmenau
DE-Kai1	Pfalzbibliothek
DE-Kn193	Historisches_Archiv_der_Stadt_Köln
DE-Kn3	Kunst-_und_Museumsbibliothek_der_Stadt_Köln
DE-Ks15	Archiv_Frau_und_Musik
DE-L282	Umweltbibliothek_Leipzig
DE-L92	Deutsche_Zentralbücherei_für_Blinde_zu_Leipzig
DE-Lsh1	Staatsarchiv_Landshut
DE-M136	Deutsche_Esperanto-Bibliothek
DE-M336	Internationale_Jugendbibliothek
DE-M462	Tolstoi-Bibliothek
DE-M512	Bayerisches_Musiker-Lexikon_Online
DE-Ma9	Universitätsbibliothek_Magdeburg
DE-Mue303	Schwarze_Witwe_(Archiv)
DE-Mue73	Diözesanbibliothek_Münster
DE-MUS-000213	Couven-Museum
DE-MUS-000322	Schloss_Seehof
DE-MUS-000426	Römerpark_Ruffenhofen
DE-MUS-000713	Suermondt-Ludwig-Museum
DE-MUS-001018	Limesmuseum
DE-MUS-001127	Kupfermuseum
DE-MUS-002026	Museum_Wäschefabrik
DE-MUS-002526	Museum_für_Puppentheaterkultur
DE-MUS-002615	Herrenhaus_Altenhof
DE-MUS-002828	Rheinhessisches_Fahrradmuseum
DE-MUS-002922	Postmuseum_Rheinhessen
DE-MUS-003925	Arche_Nebra
DE-MUS-004715	Stiftsmuseum_der_Stadt_Aschaffenburg
DE-MUS-005114	Südsauerlandmuseum
DE-MUS-005312	Mozarthaus
DE-MUS-005510	Staatsgalerie_in_der_Katharinenkirche
DE-MUS-006617	Federseemuseum
DE-MUS-007714	Stiftung_Bundeskanzler-Adenauer-Haus
DE-MUS-007927	Willy-Brandt-Haus_Lübeck
DE-MUS-008628	Römerhalle
DE-MUS-008717	Agnes-Miegel-Haus
DE-MUS-008915	Deutsches_Märchen-_und_Wesersagenmuseum
DE-MUS-009225	Museum_Brandhorst
DE-MUS-010017	Salzmuseum
DE-MUS-010428	Sammlung_Boros
DE-MUS-010517	Museum_im_Steinhaus
DE-MUS-010626	Archäologisches_Landesmuseum_im_Paulikloster
DE-MUS-011025	Deutsches_Zusatzstoffmuseum
DE-MUS-011114	Deutsches_Musikautomaten_Museum
DE-MUS-011129	Internationales_Maritimes_Museum_Hamburg
DE-MUS-011614	Museum_für_Waage_und_Gewicht
DE-MUS-012117	Naturkunde-Museum
DE-MUS-012528	Museum_DKM
DE-MUS-012617	Museum_der_Grafschaft_Rantzau
DE-MUS-012815	Deutsches_Freimaurer-Museum
DE-MUS-013427	Dokumentationsstätte_Regierungsbunker
DE-MUS-014613	Salzbergwerk_Berchtesgaden
DE-MUS-014628	Parkhöhle
DE-MUS-015012	Bergisches_Museum_für_Bergbau,_Handwerk_und_Gewerbe
DE-MUS-015829	Johanniterhalle
DE-MUS-015923	Museum_Biedermann
DE-MUS-016124	Museum_für_Kunst_und_Technik_des_19._Jahrhunderts
DE-MUS-016213	Botanisches_Museum_Berlin-Dahlem
DE-MUS-016317	Brücke-Museum
DE-MUS-016411	Deutsches_Rundfunk-Museum
DE-MUS-016426	Gedenkstätte_Stille_Helden
DE-MUS-017023	Buchstabenmuseum
DE-MUS-017112	Georg-Kolbe-Museum
DE-MUS-017325	Galerie_Schmela
DE-MUS-017627	Schloss_Wolkenburg
DE-MUS-018328	Museum_Kunst_der_Westküste
DE-MUS-019910	Bröhan-Museum
DE-MUS-020415	Deutsches_Technikmuseum
DE-MUS-020519	Gedenkstätte_Deutscher_Widerstand
DE-MUS-020524	Lokwelt_Freilassing
DE-MUS-020613	Zucker-Museum
DE-MUS-021616	Hinterlandmuseum
DE-MUS-021918	Kunsthalle_Bielefeld
DE-MUS-021923	Deutsch-deutsches_Freilandmuseum
DE-MUS-022619	Eifelmuseum_Blankenheim
DE-MUS-022728	Walchensee-Museum
DE-MUS-022822	Mithraeum
DE-MUS-023018	Heimatmuseum_des_Nordböhmischen_Niederlandes
DE-MUS-023216	Deutsches_Bergbau-Museum
DE-MUS-024219	Beethoven-Haus
DE-MUS-024615	Rheinisches_Landesmuseum_Bonn
DE-MUS-024719	Kunstmuseum_Bonn
DE-MUS-025618	Quadrat_Bottrop
DE-MUS-026220	Kunsthalle_Weishaupt
DE-MUS-026715	Braunschweigisches_Landesmuseum
DE-MUS-026819	Herzog_Anton_Ulrich-Museum
DE-MUS-026913	Raabe-Haus
DE-MUS-027223	Rheinisches_Schützenmuseum_Neuss
DE-MUS-027327	Museum_Humpis-Quartier
DE-MUS-027614	Kunsthalle_Bremen
DE-MUS-027812	Museum_im_Roselius-Haus
DE-MUS-028013	Deutsches_Schiffahrtsmuseum
DE-MUS-028211	Historisches_Museum_Bremerhaven
DE-MUS-028726	Schloss_Höchstädt
DE-MUS-028815	Schloss_Bruchsal
DE-MUS-029125	Kanzlerbungalow
DE-MUS-029427	Dynamikum
DE-MUS-030026	Hohenasperg_-_Ein_deutsches_Gefängnis
DE-MUS-030422	Hagnauer_Museum
DE-MUS-030813	Staatsgalerie
DE-MUS-031014	Museum_der_Stadt_Butzbach
DE-MUS-031227	me_Collectors_Room_Berlin
DE-MUS-031618	Bomann-Museum
DE-MUS-031925	Museumsbauernhof_Wennerstorf
DE-MUS-033114	KZ-Gedenkstätte_Dachau
DE-MUS-033327	Emilianusstollen
DE-MUS-033510	Eisenbahnmuseum_Darmstadt-Kranichstein
DE-MUS-033718	Hessisches_Landesmuseum
DE-MUS-034117	Wella_Museum
DE-MUS-034315	Hermann-Grochtmann-Museum
DE-MUS-034919	Lippisches_Landesmuseum
DE-MUS-035110	Museum_Schloss_Fechenbach
DE-MUS-035323	Caspar-David-Friedrich-Institut
DE-MUS-035610	Stadt-_und_Hochstiftmuseum
DE-MUS-037116	Kultur-_und_Stadthistorisches_Museum_Duisburg
DE-MUS-037616	Theatermuseum_der_Landeshauptstadt_Düsseldorf
DE-MUS-038015	museum_kunst_palast
DE-MUS-038317	Aquazoo-Löbbecke_Museum
DE-MUS-039716	Domschatz-_und_Diözesanmuseum_Eichstätt
DE-MUS-039810	Jura-Museum
DE-MUS-042019	Deutsches_Elfenbeinmuseum_Erbach
DE-MUS-043116	Städtische_Galerie_Erlangen
DE-MUS-043814	Museum_Folkwang
DE-MUS-043918	Ruhr_Museum
DE-MUS-044619	Ostholstein-Museum
DE-MUS-045414	Museumsberg_Flensburg
DE-MUS-047316	Museum_für_Angewandte_Kunst_Frankfurt
DE-MUS-047618	Museum_der_Weltkulturen
DE-MUS-047712	Archäologisches_Museum_Frankfurt
DE-MUS-047910	Naturmuseum_Senckenberg
DE-MUS-048017	Städelsches_Kunstinstitut_und_Städtische_Galerie
DE-MUS-048319	Glasmuseum_Frauenau
DE-MUS-048413	Augustinermuseum
DE-MUS-049510	Wetterau-Museum
DE-MUS-049812	Heimatmuseum_Seulberg
DE-MUS-050817	Vonderau-Museum
DE-MUS-051716	Theodor-Mommsen-Gedächtnis
DE-MUS-051810	Königshaus_am_Schachen
DE-MUS-052313	Kunstmuseum_Gelsenkirchen
DE-MUS-053816	Liebig-Museum
DE-MUS-055718	Mönchehaus_Museum_für_moderne_Kunst
DE-MUS-056815	Niederrheinisches_Freilichtmuseum
DE-MUS-057714	Siebenbürgisches_Museum
DE-MUS-058113	Landschaftsmuseum_Westerwald
DE-MUS-058717	LWL-Römermuseum
DE-MUS-058811	Altonaer_Museum
DE-MUS-059210	Hamburger_Kunsthalle
DE-MUS-059314	Museum_für_Völkerkunde_Hamburg
DE-MUS-059418	Helms-Museum
DE-MUS-059918	Museum_für_Kunst_und_Gewerbe
DE-MUS-060111	Museumsdorf_Volksdorf
DE-MUS-067518	Urwelt-Museum_Hauff
DE-MUS-068615	Otto-Pankok-Museum
DE-MUS-068917	Theodor-Storm-Haus
DE-MUS-069316	Schwäbisches_Bauernhofmuseum
DE-MUS-069712	Bayerisches_Armeemuseum
DE-MUS-069816	Deutsches_Medizinhistorisches_Museum
DE-MUS-069910	Stadtmuseum_Ingolstadt
DE-MUS-070217	Deutsches_Höhlenmuseum_Iserlohn
DE-MUS-072713	Städtische_Galerie_Karlsruhe
DE-MUS-073018	Brüder_Grimm-Museum_Kassel
DE-MUS-073310	Spohr_Museum
DE-MUS-074115	Isergebirgs-Museum_Neugablonz
DE-MUS-075118	Allgäu-Museum
DE-MUS-076017	Kunsthalle_zu_Kiel
DE-MUS-076215	Museum_für_Völkerkunde_der_Universität_Kiel
DE-MUS-076319	Schleswig-Holsteinisches_Freilichtmuseum_e.V.
DE-MUS-076819	Sandelsches_Museum
DE-MUS-077312	Deutsches_Fastnachtmuseum
DE-MUS-078117	KOLUMBA
DE-MUS-078315	Museum_für_Lackkunst
DE-MUS-078513	Kölnisches_Stadtmuseum
DE-MUS-078711	Museum_für_Ostasiatische_Kunst
DE-MUS-078815	Rautenstrauch-Joest-Museum
DE-MUS-078919	Römisch-Germanisches_Museum
DE-MUS-079016	Museum_Schnütgen
DE-MUS-079318	Deutsches_Zollmuseum
DE-MUS-079610	Siebengebirgsmuseum
DE-MUS-081618	Mittelschwäbisches_Heimatmuseum
DE-MUS-081816	Deutsches_Zinnfigurenmuseum
DE-MUS-082215	Lobdengau-Museum
DE-MUS-083218	Burg_Trausnitz
DE-MUS-083416	Stadtresidenz_Landshut
DE-MUS-083916	Töpfereimuseum_Langerwehe
DE-MUS-084117	Elbschiffahrtsmuseum
DE-MUS-084211	Burg_Lauenstein
DE-MUS-084617	Museum_zur_Geschichte_von_Christen_und_Juden
DE-MUS-085818	Museum_Morsbroich
DE-MUS-086613	Schloss_Linderhof
DE-MUS-087314	Museum_am_Burghof
DE-MUS-087814	Katharinenkirche
DE-MUS-089018	Städtisches_Museum_Ludwigsburg
DE-MUS-089112	Stadtmuseum_Ludwigshafen
DE-MUS-089216	Wilhelm-Hack-Museum
DE-MUS-089310	Altes_Rathaus
DE-MUS-090315	Gutenberg-Museum
DE-MUS-090513	Landesmuseum
DE-MUS-090711	Naturhistorisches_Museum_Mainz
DE-MUS-090919	Römisch-Germanisches_Zentralmuseum
DE-MUS-091110	Kunsthalle
DE-MUS-091214	Reiss-Engelhorn-Museen
DE-MUS-091516	Schiller-Nationalmuseum
DE-MUS-092019	Skulpturenmuseum_Glaskasten
DE-MUS-092415	Freilichtmuseum_Massing
DE-MUS-093512	Dithmarscher_Landesmuseum
DE-MUS-095716	Städtisches_Museum_Abteiberg
DE-MUS-096417	Alte_Pinakothek
DE-MUS-096813	Geologisches_Museum_München
DE-MUS-096917	Paläontologisches_Museum_München
DE-MUS-097014	Bayerisches_Nationalmuseum
DE-MUS-097118	BMW_Museum
DE-MUS-097410	Deutsches_Museum
DE-MUS-097514	Glyptothek
DE-MUS-097712	Marstallmuseum
DE-MUS-098017	Münchner_Stadtmuseum
DE-MUS-098111	Museum_Villa_Stuck
DE-MUS-098215	Neue_Pinakothek
DE-MUS-098517	Residenzmuseum
DE-MUS-098611	Sammlung_Schack
DE-MUS-098913	Staatliche_Antikensammlungen
DE-MUS-099114	Staatliche_Münzsammlung
DE-MUS-099312	Staatliches_Museum_für_Völkerkunde
DE-MUS-099416	Städtische_Galerie_im_Lenbachhaus
DE-MUS-099510	Deutsches_Theatermuseum
DE-MUS-099614	Valentin-Musäum
DE-MUS-100818	LWL-Landesmuseum_für_Kunst_und_Kulturgeschichte
DE-MUS-100912	LWL-Museum_für_Naturkunde
DE-MUS-101415	Oberpfälzer_Freilandmuseum_Neusath-Perschen
DE-MUS-101811	Burg_Hornberg
DE-MUS-102918	Zeppelin-Museum_Zeppelinheim
DE-MUS-103713	Stadtmuseum_Neustadt_an_der_Waldnaab
DE-MUS-105011	Paläontologisches_Museum_Nierstein
DE-MUS-105615	Germanisches_Nationalmuseum
DE-MUS-106118	Kunsthalle_Nürnberg
DE-MUS-106316	Naturhistorisches_Museum
DE-MUS-106618	DB_Museum_im_Verkehrsmuseum_Nürnberg
DE-MUS-106712	Albrecht-Dürer-Haus
DE-MUS-106910	Stadtmuseum_Fembohaus
DE-MUS-107017	Museum_Tucherschloss_mit_Hirsvogelsaal
DE-MUS-107413	Römermuseum_Obernburg
DE-MUS-108510	Vortaunusmuseum
DE-MUS-109013	Klingspor-Museum
DE-MUS-109117	Haus_der_Stadtgeschichte
DE-MUS-109617	Landesmuseum_Natur_und_Mensch
DE-MUS-112118	Schmuckmuseum_Pforzheim
DE-MUS-113819	Erinnerungsstätte_für_die_Freiheitsbewegungen_in_der_deutschen_Geschichte
DE-MUS-114114	Wehrgeschichtliches_Museum_Rastatt
DE-MUS-114416	Ernst-Barlach-Museum
DE-MUS-114510	Kreismuseum_Herzogtum_Lauenburg
DE-MUS-115711	Kunstforum_Ostdeutsche_Galerie
DE-MUS-116214	Deutsches_Röntgen-Museum
DE-MUS-116714	Naturkundemuseum
DE-MUS-117019	Falkenhof-Museum
DE-MUS-118918	Rheingauer_Weinmuseum
DE-MUS-122516	Lenbachmuseum
DE-MUS-123311	Museum_und_Galerie_der_Stadt_Schwabmünchen
DE-MUS-123415	Museum_der_Schwalm
DE-MUS-125317	Hegau-Museum
DE-MUS-125515	Burghofmuseum
DE-MUS-126112	Museum_Soltau
DE-MUS-126810	Historisches_Museum_der_Pfalz
DE-MUS-127511	Museum_Starnberger_See
DE-MUS-127813	Meteorkrater-Museum
DE-MUS-127917	Urmensch-Museum
DE-MUS-128316	Gäubodenmuseum
DE-MUS-129517	Porsche_Museum
DE-MUS-129913	Staatsgalerie_Stuttgart
DE-MUS-130210	Landesmuseum_Württemberg
DE-MUS-131713	Neues_Schloss_Tettnang
DE-MUS-131911	Bergbau-_und_Industriemuseum_Ostbayern
DE-MUS-133011	Karl-Marx-Haus
DE-MUS-133115	Rheinisches_Landesmuseum
DE-MUS-133219	Stadtmuseum_Simeonstift_Trier
DE-MUS-133313	Museum_Auberlehaus
DE-MUS-133813	Kloster_Bebenhausen
DE-MUS-134816	Suso-Haus
DE-MUS-135017	Luftwaffenmuseum_der_Bundeswehr
DE-MUS-135319	Museum_der_Brotkultur
DE-MUS-135517	Ulmer_Museum
DE-MUS-136416	Museum_Uslar
DE-MUS-139519	Schwedenspeicher-Museum
DE-MUS-139717	Museum_Abtei_Liesborn
DE-MUS-142510	Hebbel-Museum
DE-MUS-144516	Forum_der_Völker
DE-MUS-145019	Jerusalemhaus
DE-MUS-145113	Lottehaus
DE-MUS-145613	Museum_Achse,_Rad_und_Wagen
DE-MUS-145717	Kloster_Wienhausen
DE-MUS-145811	Museum_Wiesbaden
DE-MUS-146012	Deutsches_Erdölmuseum_Wietze
DE-MUS-146512	Küstenmuseum_Wilhelmshaven
DE-MUS-147119	Dorf-_und_Heimatmuseum_Winterbach
DE-MUS-147817	Automobilmuseum_von_Fritz_B._Busch
DE-MUS-148414	Städtische_Galerie_Wolfsburg
DE-MUS-149615	Von_der_Heydt-Museum
DE-MUS-149719	Wuppertaler_Uhrenmuseum
DE-MUS-150110	Mainfränkisches_Museum
DE-MUS-150412	Residenz_Würzburg
DE-MUS-150516	Museum_im_Kulturspeicher
DE-MUS-150912	LVR-RömerMuseum
DE-MUS-151217	Heimatmuseum_Fürstenberger_Hof
DE-MUS-151613	Römerthermen_Zülpich_-_Museum_der_Badekultur
DE-MUS-151717	Waldmuseum_Zwiesel
DE-MUS-151811	Museum_der_Stadt_Bad_Schwartau
DE-MUS-153411	Klaus-Groth-Museum
DE-MUS-153817	Schreibersches_Haus
DE-MUS-157517	Geldmuseum_der_Deutschen_Bundesbank
DE-MUS-160914	Museumsdorf_Hösseringen
DE-MUS-163517	Niedersächsisches_Landesmuseum_Hannover
DE-MUS-163715	Historisches_Museum_am_Hohen_Ufer
DE-MUS-163819	Museum_August_Kestner
DE-MUS-163913	Sprengel_Museum_Hannover
DE-MUS-164218	Wilhelm-Busch-Museum
DE-MUS-164312	Haus_am_Checkpoint_Charlie
DE-MUS-164718	Bleikeller
DE-MUS-166214	Museum_bei_der_Kaiserpfalz
DE-MUS-166516	Rhein-Museum_Koblenz
DE-MUS-167415	Friedrich-Wilhelm-Weber-Museum
DE-MUS-168314	Orgelmuseum
DE-MUS-169015	Westfälisches_Schulmuseum
DE-MUS-169411	Museum_Stadt_Königsberg
DE-MUS-170114	Deutsches_Plakatmuseum
DE-MUS-170718	Stadtmuseum_Gütersloh
DE-MUS-170916	Gustav-Lübcke-Museum
DE-MUS-171013	Stadtmuseum_Hattingen
DE-MUS-173217	Neanderthal_Museum
DE-MUS-173311	Wasser-_und_Schiffahrtsamt
DE-MUS-173811	Bibelmuseum
DE-MUS-173915	Stadtmuseum_Münster
DE-MUS-174012	Westpreussisches_Landesmuseum
DE-MUS-174512	Archäologisches_Freilichtmuseum
DE-MUS-174710	Museum_in_der_Kaiserpfalz
DE-MUS-176216	Märkisches_Museum
DE-MUS-176310	Historisches_Zentrum
DE-MUS-176414	Völkerkundemuseum
DE-MUS-176810	Gerätemuseum_des_Coburger_Landes
DE-MUS-178316	Heimatmuseum_Stadt_und_Landkreis_Neudek
DE-MUS-179111	Deutsches_Knopfmuseum
DE-MUS-179215	Gärtner-_und_Häckermuseum
DE-MUS-180012	Max-Reger-Gedächtniszimmer
DE-MUS-181015	Gemäldegalerie
DE-MUS-181411	Walhalla
DE-MUS-182810	Burg_Falkenberg
DE-MUS-182914	Hermann-Oberth-Raumfahrt-Museum
DE-MUS-184618	Burgmuseum_Grünwald
DE-MUS-185017	Burg_Harburg
DE-MUS-185715	Deutsches_Hirtenmuseum
DE-MUS-186812	Kirchenburgmuseum_Mönchsondheim
DE-MUS-190514	Rieser_Bauernmuseum_Maihingen
DE-MUS-192614	Museum_für_Abgüsse_Klassischer_Bildwerke
DE-MUS-193117	Deutsches_Dampflokomotiv-Museum
DE-MUS-195019	Böhmerwaldmuseum
DE-MUS-195113	Römermuseum_Kastell_Boiotro
DE-MUS-196012	Naturkundemuseum_Ostbayern
DE-MUS-196814	Inn-Museum
DE-MUS-198112	Römermuseum_Bedaium
DE-MUS-199115	Museumsdorf_Bayerischer_Wald
DE-MUS-200111	Stiftlandmuseum
DE-MUS-200319	Museum_im_Malhaus
DE-MUS-201916	Stiftung_Keramion
DE-MUS-202211	Museum_Ludwig
DE-MUS-202315	Burgenmuseum
DE-MUS-203214	Schwarzwälder_Trachtenmuseum
DE-MUS-203516	Burg_Hohenzollern
DE-MUS-204113	Kurpfälzisches_Museum
DE-MUS-206213	Museum_am_Markt
DE-MUS-207018	Weinmuseum
DE-MUS-208115	Deutsches_Goldschmiedehaus
DE-MUS-208313	Altes_Haus
DE-MUS-210311	Hohenloher_Freilandmuseum
DE-MUS-212213	Feuerwehrmuseum_Stuttgart
DE-MUS-214719	Bauernhaus-Museum_Wolfegg
DE-MUS-217718	Kleines_Stuckmuseum
DE-MUS-219318	Freilichtmuseum_Beuren
DE-MUS-221014	Deutsches_Fleischermuseum
DE-MUS-221410	Berthold-Auerbach-Museum
DE-MUS-222611	Heimatmuseum_Neunkirchen
DE-MUS-222819	Odenwälder_Freilandmuseum
DE-MUS-225016	KZ-Gedenkstätte_Neuengamme
DE-MUS-225318	Computermuseum_der_Fachhochschule_Kiel
DE-MUS-225412	Haus_des_Waldes
DE-MUS-226811	Deutsches_Sport_&amp;_Olympia_Museum
DE-MUS-228213	Haus_Lesmona
DE-MUS-228317	Rheinland-Pfälzisches_Freilichtmuseum_Bad_Sobernheim
DE-MUS-228619	Gedenkstätte_Plötzensee
DE-MUS-228911	Schüttesäge-Museum
DE-MUS-229112	Haus_an_der_Redoute
DE-MUS-230419	Kunsthalle_Dominikanerkirche
DE-MUS-231610	Lessinghaus
DE-MUS-232217	Anti-Kriegs-Museum
DE-MUS-233210	Landesarchiv_Berlin
DE-MUS-236011	Feuerwehrmuseum_Berlin
DE-MUS-237212	Eisenbahnmuseum_Neustadt
DE-MUS-237316	Deutsches_Weinbaumuseum
DE-MUS-238319	Brauerei-Museum_Dortmund
DE-MUS-239510	Fränkische_Galerie
DE-MUS-239718	Museum_Burg_Bederkesa
DE-MUS-239916	Wrackmuseum
DE-MUS-241612	Münter-Haus
DE-MUS-242219	Staatsgalerie_Moderne_Kunst
DE-MUS-242417	Deutsches_Pinsel-_und_Bürstenmuseum
DE-MUS-242813	Artothek
DE-MUS-243014	Bremer_Rundfunkmuseum
DE-MUS-243118	Emsland_Moormuseum
DE-MUS-246117	Kloster_Cismar
DE-MUS-246617	Burg_Thurant
DE-MUS-246711	Burg_Trifels
DE-MUS-247610	Sayner_Hütte
DE-MUS-249116	Wiedenbrücker_Schule_Museum
DE-MUS-249210	Stadtmuseum_Brilon
DE-MUS-249314	Tüshaus-Mühle
DE-MUS-250611	Reichsburg_Cochem
DE-MUS-251114	Burg_Berwartstein
DE-MUS-252711	Jüdisches_Kulturmuseum_Augsburg-Schwaben
DE-MUS-252815	Schwäbisches_Handwerkermuseum
DE-MUS-252919	Fränkisches_Brauereimuseum
DE-MUS-253516	Käthe-Kollwitz-Museum
DE-MUS-253714	Museum_für_Neue_Kunst
DE-MUS-254415	Schwäbisches_Bauern-_und_Technikmuseum
DE-MUS-255710	Norddeutsches_Spielzeugmuseum
DE-MUS-255814	Museum_gegenstandsfreier_Kunst
DE-MUS-256119	Moormuseum_Moordorf
DE-MUS-256713	Museum_Villa_Stahmer
DE-MUS-257216	Europäisches_Spargelmuseum
DE-MUS-257414	Städtische_Galerie_im_Park_Viersen
DE-MUS-257518	Oberschlesisches_Landesmuseum
DE-MUS-257810	Kunsthalle_Emden
DE-MUS-258417	Ballonmuseum_Gersthofen
DE-MUS-259816	Franz_Marc_Museum
DE-MUS-260613	Industriemuseum_Lauf
DE-MUS-263716	Wittelsbachermuseum_Aichach
DE-MUS-264417	Dommuseum
DE-MUS-265014	Frankfurter_Feldbahnmuseum
DE-MUS-265316	Gedenkstätte_Hadamar
DE-MUS-265618	Fastnachtsmuseum
DE-MUS-267010	Regionalmuseum
DE-MUS-267718	Reichskammergerichtsmuseum
DE-MUS-268617	Zisterzienserkloster
DE-MUS-270115	Selfkantbahn
DE-MUS-270219	Mineralienmuseum
DE-MUS-270417	Alte_Synagoge
DE-MUS-270511	Markt-_und_Schaustellermuseum
DE-MUS-271014	Bergische_Museumsbahnen
DE-MUS-271212	Stiftung_Insel_Hombroich
DE-MUS-272517	Heimatmuseum_Beuel
DE-MUS-274419	Deutsches_Panzermuseum_Munster
DE-MUS-274617	Zentrum_für_Biodokumentation
DE-MUS-275016	Alstertalmuseum
DE-MUS-275412	Werkbundarchiv_-_Museum_der_Dinge
DE-MUS-276311	Terra_Sigillata_Museum
DE-MUS-276613	Burg_Rheinstein
DE-MUS-277314	Haus_Mecklenburg
DE-MUS-284817	Kloster_Isenhagen
DE-MUS-289312	Muschelkalkmuseum
DE-MUS-291112	Puppenmuseum_Falkenstein
DE-MUS-291216	Museumshafen_Oevelgönne
DE-MUS-292511	Adolf-Bender-Zentrum
DE-MUS-292615	Historisches_Museum_Saar
DE-MUS-292917	Museum_Pachten
DE-MUS-293316	Städtische_Galerie_Neunkirchen
DE-MUS-294819	MuseumsQuartier
DE-MUS-295312	Bezirksmuseum_Dachau
DE-MUS-296617	Stadtmuseum_Hagen
DE-MUS-297610	Museum_für_Kutschen,_Chaisen,_Karren
DE-MUS-303111	Automuseum_Dr._Carl_Benz
DE-MUS-303715	Pfahlheimer_Bauernstube
DE-MUS-304614	Automobilmuseum
DE-MUS-304718	Museum_der_Göttinger_Chemie
DE-MUS-308814	Schwarzwälder_Pilzlehrschau
DE-MUS-308918	Römische_Kalkbrennerei_Iversheim
DE-MUS-309713	Brechthaus
DE-MUS-310416	Burg_Arras
DE-MUS-312318	Haus_der_Badisch-Pfälzischen_Fasnacht
DE-MUS-313019	Heimatmuseum_Aschen
DE-MUS-313811	Abtei_Rommersdorf
DE-MUS-313915	Burg_Sooneck
DE-MUS-315713	Jüdisches_Museum_München
DE-MUS-315911	Franck-Haus
DE-MUS-316810	Geologisches_Museum
DE-MUS-319517	Deutsches_Historisches_Museum
DE-MUS-319611	Haus_der_Geschichte_der_Bundesrepublik_Deutschland
DE-MUS-319715	Schwäbisches_Krippenmuseum
DE-MUS-319819	Bergbaumuseum_des_Kreises_Altenkirchen
DE-MUS-320418	Deutsches_Zeitungsmuseum
DE-MUS-320616	Archäologisches_Museum_Bad_Königshofen_im_Grabfeld
DE-MUS-321015	Museum_Haus_Ludwig
DE-MUS-321119	Vitra_Design_Museum
DE-MUS-321213	Pfefferminzmuseum
DE-MUS-322518	Hermann-Hesse-Höri-Museum
DE-MUS-322612	Deutsches_Kaltwalzmuseum
DE-MUS-323011	Holzknechtmuseum_Ruhpolding
DE-MUS-323615	Freilichtmuseum_Neuhausen_ob_Eck
DE-MUS-328714	Schubartstube
DE-MUS-329311	Hermann-Hesse-Museum
DE-MUS-330410	Bauernmuseum_Richen
DE-MUS-335019	Kloster_Schöntal
DE-MUS-337713	Museum_Mensch_und_Natur
DE-MUS-338414	Cap_San_Diego
DE-MUS-338914	Orgelmuseum_Fleiter
DE-MUS-340016	Stadtmuseum_Hofheim_am_Taunus
DE-MUS-341311	Kloster_Medingen
DE-MUS-341915	Museum_für_Photographie
DE-MUS-344914	Haidhausen-Museum
DE-MUS-346712	Natureum_Niederelbe
DE-MUS-347319	Stift_Fischbeck
DE-MUS-348718	Feuerwehrmuseum_Marxen
DE-MUS-348916	Mühlenmuseum_Moisburg
DE-MUS-349013	Kloster_Mariensee
DE-MUS-351115	Ostfriesisches_Schulmuseum_Folmhusen
DE-MUS-351813	Fischer-_und_Webermuseum_Steinhude
DE-MUS-352910	Schulmuseum_Bochum
DE-MUS-353111	Schumannhaus
DE-MUS-354010	Museumslandschaft_Deilbachtal
DE-MUS-356110	Hiltruper_Museum
DE-MUS-356912	Wipperkotten
DE-MUS-357519	Besucherbergwerk_Schmittenstollen
DE-MUS-358012	Burg_Lahneck
DE-MUS-358616	Arp_Museum
DE-MUS-359015	Burg_Eltz
DE-MUS-360010	Museum_für_Moderne_Kunst
DE-MUS-362214	Hallertauer_Hopfen-_und_Heimatmuseum
DE-MUS-364012	Kunstsammlung_des_Herzoglichen_Georgianums
DE-MUS-369111	Zollmuseum
DE-MUS-369413	Deutsches_Hopfenmuseum
DE-MUS-370210	Kloster_Ebstorf
DE-MUS-371015	Römerhaus
DE-MUS-371213	Stadtmauermuseum
DE-MUS-376218	Deutsches_Auswandererhaus
DE-MUS-376312	Naturzentrum_Eifel
DE-MUS-377711	Heimatmuseum_Radevormwald
DE-MUS-377815	Deutsches_Tanzarchiv_Köln
DE-MUS-378412	Bandwebermuseum
DE-MUS-378714	Museum_Modern_Art_Hünfeld
DE-MUS-378912	Stadtmuseum_Werdohl
DE-MUS-379019	Heimathaus_Verl
DE-MUS-380316	Otto-Dix-Haus
DE-MUS-382812	Kreisheimatstube_Stoffenried
DE-MUS-383919	Römermuseum_Multerer
DE-MUS-384214	Sparkassen-Museum
DE-MUS-384912	Schatzkammer
DE-MUS-385217	Kallmann-Museum
DE-MUS-385519	Alpenländische_Galerie
DE-MUS-386012	Kelten_Römer_Museum
DE-MUS-386116	Künstlerhaus_Marktoberdorf
DE-MUS-387317	Hammerschmiede_Naichen
DE-MUS-387619	Rieskrater-Museum
DE-MUS-391915	Freilandmuseum
DE-MUS-392116	Internationales_Keramik-Museum
DE-MUS-393213	Schwules_Museum
DE-MUS-393411	Heine-Haus
DE-MUS-397611	Schloss_Agathenburg
DE-MUS-399711	Kloster_Walsrode
DE-MUS-399815	Burg_Neuhaus
DE-MUS-400811	Kölner_Karnevalsmuseum
DE-MUS-401116	Praetorium
DE-MUS-401314	NS-Dokumentationszentrum_der_Stadt_Köln
DE-MUS-401418	Weserrenaissance-Museum
DE-MUS-403018	Industriemuseum_Elmshorn
DE-MUS-405212	Rheinisches_Malermuseum
DE-MUS-405316	Papiermuseum_Düren
DE-MUS-405514	Heimatmuseum_Linnich
DE-MUS-405618	Heimatmuseum_Merzenich
DE-MUS-405816	Tuchmuseum_Lennep
DE-MUS-412715	Museum_zur_Geschichte_der_Juden_in_Kreis_und_Stadt_Heilbronn
DE-MUS-413416	Deutsches_Harmonikamuseum
DE-MUS-414117	Studentenkarzer
DE-MUS-414919	Museum_für_Konkrete_Kunst
DE-MUS-415516	Kunsthalle_Schweinfurt
DE-MUS-417512	August_Macke_Haus
DE-MUS-417814	Museum_für_Kindheits-_und_Jugendwerke_bedeutender_Künstler
DE-MUS-417918	Aquarius_Wassermuseum
DE-MUS-418411	Stadtmuseum_Bocholt
DE-MUS-418911	Industriemuseum_Chemnitz
DE-MUS-419914	Landschaftsmuseum_Angeln
DE-MUS-420315	Industriemuseum_Geschichtswerkstatt_Herrenwyk
DE-MUS-421610	Jüdisches_Museum_Westfalen
DE-MUS-422519	Naturmuseum_Lüneburg
DE-MUS-424713	Muschelmuseum
DE-MUS-426417	Kloster_Chorin
DE-MUS-427712	Templerhaus
DE-MUS-429114	Topographie_des_Terrors
DE-MUS-429218	Haus_der_Wannsee-Konferenz
DE-MUS-429614	Schloss_Freienwalde
DE-MUS-430119	Hamburger_Schulmuseum
DE-MUS-431018	19-Lachter-Stollen
DE-MUS-432313	Stadtmuseum_Euskirchen
DE-MUS-432511	Filmmuseum_Düsseldorf
DE-MUS-432917	Museum_Europäische_Kunst
DE-MUS-434319	Deutsches_Film-_und_Fototechnik_Museum
DE-MUS-434819	Deutsches_Kartoffelmuseum
DE-MUS-437412	Westpfälzer_Musikantenmuseum_Mackenbach
DE-MUS-441812	Buddenbrookhaus
DE-MUS-444613	Leonhardi-Museum
DE-MUS-446411	Stadtmuseum_Lennestadt
DE-MUS-447716	Keramik-Museum_Berlin
DE-MUS-448313	Schachmuseum_Ströbeck
DE-MUS-449118	Euthanasie-Gedenkstätte
DE-MUS-449316	Technikmuseum_Magdeburg
DE-MUS-449514	Grube_Glasebach
DE-MUS-449618	Domschatz_Quedlinburg
DE-MUS-450915	Sumelocenna_-_Römisches_Stadtmuseum
DE-MUS-453810	Ofen-_und_Keramikmuseum_Velten
DE-MUS-454219	Overbeck-Museum
DE-MUS-457718	Kunstmuseum_Wolfsburg
DE-MUS-461212	Brauerei_Schmitt
DE-MUS-461618	Neue_Mühle
DE-MUS-463416	Deutsches_Drahtmuseum
DE-MUS-468411	Pompejanum
DE-MUS-468515	Architekturmuseum_Schwaben
DE-MUS-469914	Hans-Eisenmann-Haus
DE-MUS-470513	Historischer_Hafen_Berlin
DE-MUS-474515	Blankschmiede_Neimke
DE-MUS-475112	Burg_Hagen
DE-MUS-475216	Naturkundliches_Museum
DE-MUS-478319	Haus_Ruhrnatur
DE-MUS-482219	Volkskunde_Museum_Schleswig
DE-MUS-484715	Berta-Hummel-Museum
DE-MUS-485312	Zollmuseum_Habkirchen
DE-MUS-486617	Museum_für_Naturkunde_Magdeburg
DE-MUS-487110	Kloster_Hadmersleben
DE-MUS-487516	Nietzsche-Haus
DE-MUS-488519	Museum_für_Bodenschätzung
DE-MUS-492013	Afrika-Haus_Freiberg
DE-MUS-492315	Museum_Villa_Rot
DE-MUS-493818	Museum_Kulturgeschichte_der_Hand
DE-MUS-493912	kunsthaus_kaufbeuren
DE-MUS-494811	Museum_Baruther_Glashütte
DE-MUS-495512	Ziegeleipark_Mildenberg
DE-MUS-496411	Museum_Baden
DE-MUS-496515	Museum_Zinkhütter_Hof
DE-MUS-496713	Heinz_Nixdorf_Museumsforum
DE-MUS-496911	Museum_für_Gedankenloses
DE-MUS-628519	Stadtgalerie_Kiel
DE-MUS-652111	Haus_der_Begegnung
DE-MUS-653614	Kleinstes_Haus
DE-MUS-656717	Kunstbau
DE-MUS-704212	Bajuwarenhof_Kirchheim
DE-MUS-704514	Bier-_und_Oktoberfestmuseum
DE-MUS-705611	Kunststiftung_Poll
DE-MUS-706010	Liebermann-Villa
DE-MUS-706218	The_Kennedys
DE-MUS-706312	DDR_Museum_Berlin
DE-MUS-706614	Dokumentationsstätte_Gefangenenhaus_Ostertorwache
DE-MUS-706718	Antikenmuseum_im_Schnoor
DE-MUS-708318	Leder-_und_Gerbermuseum
DE-MUS-708516	Maschinenhalle_Zweckel
DE-MUS-709415	Archäologiepark_Belginum
DE-MUS-709811	DB_Museum_Koblenz
DE-MUS-709915	Herbert-Gerisch-Stiftung
DE-MUS-711611	Künstlermuseum_Heikendorf
DE-MUS-712916	Zeitgeschichtliches_Forum_Leipzig
DE-MUS-713513	Donauschwäbisches_Zentralmuseum
DE-MUS-713617	Dokumentation_Obersalzberg
DE-MUS-714318	Hafenmuseum
DE-MUS-715613	Internationales_Feuerwehrmuseum_Schwerin
DE-MUS-717515	Rickmer_Rickmers
DE-MUS-718018	Archäologischer_Park_Ostkastell
DE-MUS-718518	Horst-Janssen-Museum
DE-MUS-721415	Pforzheim_Galerie
DE-MUS-722814	Bonbon-Museum
DE-MUS-723213	Museum_der_50er_Jahre
DE-MUS-724216	Kloster_Wennigsen
DE-MUS-730810	Elstermühle_Plessa
DE-MUS-735617	Hexenturm
DE-MUS-736714	Daimler_Contemporary
DE-MUS-736912	Erinnerungsstätte_Notaufnahmelager_Marienfelde
DE-MUS-737811	Mathematikum
DE-MUS-739119	Belvedere_auf_dem_Pfingstberg
DE-MUS-739911	Kunsthalle_Würth
DE-MUS-740510	Museum_für_Europäische_Gartenkunst
DE-MUS-741513	Museum_für_Westfälische_Literatur
DE-MUS-741815	Nibelungenmuseum
DE-MUS-742016	Alamannenmuseum_Ellwangen
DE-MUS-742714	Museumshafen_Flensburg
DE-MUS-743717	Deutsches_Baumschulmuseum
DE-MUS-744512	Haus_der_Seidenkultur
DE-MUS-749517	Kunstmuseum_Bayreuth
DE-MUS-750814	Pinakothek_der_Moderne
DE-MUS-751411	Müllner-Peter-Museum
DE-MUS-751515	Museum_Georg_Schäfer
DE-MUS-753917	Rookhus
DE-MUS-754410	Ernst-Bloch-Zentrum
DE-MUS-755017	Daetz-Centrum
DE-MUS-755413	Museum_für_Gegenwartskunst
DE-MUS-757211	Jahrtausendturm
DE-MUS-757419	Museum_am_Meer
DE-MUS-757513	Günter-Grass-Haus
DE-MUS-757815	Joachim-Ringelnatz-Museum
DE-MUS-759811	Alte_Mühle
DE-MUS-759915	Slawenburg_Raddusch
DE-MUS-760118	Allgäuer_Bergbauernmuseum
DE-MUS-761819	Diözesanmuseum_St._Afra
DE-MUS-767911	Kinder-_und_Jugendmuseum
DE-MUS-768112	Sammlung_Goetz
DE-MUS-770110	Urweltmuseum
DE-MUS-771613	Teichmühle
DE-MUS-771915	Katzenmuseum
DE-MUS-772710	Domschatz
DE-MUS-773619	Kutschenmuseum_Hinterstein
DE-MUS-774716	Theodor-Heuss-Haus
DE-MUS-775219	Römermuseum_Mengen-Ennetach
DE-MUS-775313	Energie-Museum_Berlin
DE-MUS-777319	Kunstmuseum_Walter
DE-MUS-777715	Museum_am_Dom
DE-MUS-777819	1._Deutsches_Polizeioldtimer-Museum
DE-MUS-778114	Erstes_Deutsches_Fliesenmuseum
DE-MUS-778312	Burg_Neustadt-Glewe
DE-MUS-779117	Bernsteinmuseum
DE-MUS-784312	Harry's_klingendes_Museum
DE-MUS-785211	Museum_Frieder_Burda
DE-MUS-785419	Bachritterburg_Kanzach
DE-MUS-785617	Wuseum
DE-MUS-788210	Langen_Foundation
DE-MUS-788710	Museum_für_Ur-_und_Frühgeschichte
DE-MUS-788814	Mainzer_Fastnachtsmuseum
DE-MUS-789411	Haus_der_Geschichte_Wittenberg
DE-MUS-790510	Eisenbahnmuseum_Bayerischer_Bahnhof_zu_Leipzig
DE-MUS-790718	Kleinbauernmuseum_Reitzendorf
DE-MUS-790916	Gedenkstätte_Ahrensbök
DE-MUS-791513	Georg-Lechner-Biermuseum
DE-MUS-793915	Freilicht-_und_Erlebnismuseum_Ostfalen
DE-MUS-795119	Garnisonmuseum_Ludwigsburg
DE-MUS-795317	Museum_Lothar_Fischer
DE-MUS-795411	Museum_Alexandrowka
DE-MUS-797417	1._Deutsches_Bratwurstmuseum
DE-MUS-798212	Literaturmuseum_der_Moderne
DE-MUS-799913	Erich_Kästner_Museum
DE-MUS-801214	Romanisches_Haus
DE-MUS-801714	Museum_Schloss_Bernburg
DE-MUS-802019	Herbergsmuseum
DE-MUS-802915	Stiftung_Bauhaus_Dessau
DE-MUS-804817	Museum_Heineanum
DE-MUS-805018	Museum_Haldensleben
DE-MUS-805216	Stadtmuseum_Halle
DE-MUS-805310	Landesmuseum_für_Vorgeschichte_Halle
DE-MUS-806511	Prignitz-Museum
DE-MUS-806719	Hüttenmuseum
DE-MUS-807316	Glockenmuseum
DE-MUS-808611	Kreismuseum_Osterburg
DE-MUS-809416	Barbarossahöhle
DE-MUS-809812	Spengler-Museum
DE-MUS-811018	Heinrich-Schütz-Haus
DE-MUS-813712	Museum_für_Naturkunde
DE-MUS-816211	Antikriegsmuseum
DE-MUS-817412	Mori-Ogai-Gedenkstätte
DE-MUS-820819	Bauernmuseum_Blankensee
DE-MUS-821614	Kunstmuseum_Dieselkraftwerk_Cottbus
DE-MUS-823016	Kleist-Museum
DE-MUS-824019	Bockwindmühle_Lebusa
DE-MUS-826317	Filmmuseum_Potsdam
DE-MUS-828313	Agrarhistorisches_Museum_Schlepzig
DE-MUS-829910	Agrarmuseum_Wandlitz
DE-MUS-831210	Otto-Lilienthal-Museum
DE-MUS-832119	Kreisheimatmuseum_Demmin
DE-MUS-833310	Pommersches_Landesmuseum_Greifswald
DE-MUS-834417	Freilichtmuseum_Klockenhagen
DE-MUS-835514	Regionalmuseum_Neubrandenburg
DE-MUS-835618	Kunstsammlung_Neubrandenburg
DE-MUS-836517	Fritz-Reuter-Literaturmuseum
DE-MUS-836611	Deutsches_Bernsteinmuseum
DE-MUS-836819	Kunsthalle_Rostock
DE-MUS-837510	Heimatmuseum_Warnemünde
DE-MUS-838117	Archäologisches_Landesmuseum
DE-MUS-838513	Schleifmühle_Schwerin
DE-MUS-840313	Museum_Wolgast
DE-MUS-842017	Sorbisches_Museum_Bautzen
DE-MUS-842111	Museum_Bautzen
DE-MUS-843312	Schlossbergmuseum
DE-MUS-844919	Militärhistorisches_Museum_der_Bundeswehr
DE-MUS-845016	Landesamt_für_Archäologie_mit_Landesmuseum_für_Vorgeschichte
DE-MUS-845214	Gedenkstätte_Münchner_Platz_Dresden
DE-MUS-846613	Deutsches_Hygiene-Museum
DE-MUS-846811	Senckenberg_Naturhistorische_Sammlungen_Dresden
DE-MUS-847012	Technische_Sammlungen_Dresden
DE-MUS-849810	Richard-Wagner-Museum_Graupa
DE-MUS-850513	Deutsches_Damast-_und_Frottiermuseum
DE-MUS-852019	Festung_Königstein
DE-MUS-852519	Vogtländisches_Freilichtmuseum_Landwüst
DE-MUS-853116	Museum_der_bildenden_Künste_Leipzig
DE-MUS-853418	Stadtgeschichtliches_Museum_Leipzig
DE-MUS-854317	Naturkundemuseum_Leipzig
DE-MUS-854411	Antikenmuseum_der_Universität_Leipzig
DE-MUS-854619	Burg_Mildenstein
DE-MUS-855414	Musikinstrumenten-Museum_Markneukirchen
DE-MUS-856219	Deutsche_Raumfahrtausstellung
DE-MUS-856615	Stadtmuseum_Mutzschen
DE-MUS-857118	Felsenburg_Neurathen
DE-MUS-857816	web_MUSEUM_OEDERAN
DE-MUS-859010	Vogtlandmuseum_Plauen
DE-MUS-860015	Karl-May-Museum_Radebeul
DE-MUS-862511	Erzgebirgisches_Spielzeugmuseum
DE-MUS-863118	Burg_Stolpen
DE-MUS-864215	Stadt-_und_Dampfmaschinenmuseum_Werdau
DE-MUS-864517	Heimatmuseum_der_Stadt_Wilsdruff
DE-MUS-865916	Lindenau-Museum_Altenburg
DE-MUS-867912	Dornburger_Schlösser
DE-MUS-868311	Lutherhaus_Eisenach
DE-MUS-869314	Burg_Gleichen
DE-MUS-869616	Museum_für_Thüringer_Volkskunde
DE-MUS-869710	Naturkundemuseum_Erfurt
DE-MUS-870413	Jagdhaus_Gabelbach
DE-MUS-870913	Stadtmuseum_Gera
DE-MUS-872617	Thüringer_Freilichtmuseum_Hohenfelden
DE-MUS-873912	Wasserburg_Kapellendorf
DE-MUS-874217	Museum_für_Glaskunst_Lauscha
DE-MUS-875512	Volkskundemuseum
DE-MUS-877414	Waffenmuseum_Suhl
DE-MUS-878719	Museum_für_Ur-_und_Frühgeschichte_Thüringens
DE-MUS-879118	Deutsches_Bienenmuseum
DE-MUS-879618	Kirms-Krackow-Haus
DE-MUS-883018	Burg_Kriebstein
DE-MUS-887010	Hans-Fallada-Haus
DE-MUS-887916	Schaubergwerk_Büchenberg
DE-MUS-889016	Hüttenmuseum_Thale
DE-MUS-889714	Universitätsmuseum
DE-MUS-890115	Museum_im_Steintor
DE-MUS-891910	Museumspark_Rüdersdorf
DE-MUS-892611	Grünauer_Wassersportmuseum
DE-MUS-893218	Stadtmuseum_Teterow
DE-MUS-902812	Brandenburgisches_Apothekenmuseum
DE-MUS-903617	Schlesisches_Museum_zu_Görlitz
DE-MUS-905915	Hanfmuseum
DE-MUS-906418	Deutsches_Museum_Bonn
DE-MUS-907411	Bauspar-Museum
DE-MUS-910412	Graevenitz-Museum
DE-MUS-911113	Computerspiele_Museum
DE-MUS-912512	Meerrettich-Museum
DE-MUS-915115	Dokumentationszentrum_Reichsparteitagsgelände
DE-MUS-916910	MACHmit!_Museum_für_Kinder
DE-MUS-917819	Deutsches_Schweinemuseum
DE-MUS-917913	Tischlereimuseum
DE-MUS-918010	Speicherstadtmuseum
DE-MUS-918812	Museum_für_Antike_Schiffahrt
DE-MUS-919211	Deutsches_Kleingärtnermuseum
DE-MUS-920518	Landesarchiv_Schleswig-Holstein
DE-MUS-921313	Dorfmuseum_Gahlenz
DE-MUS-923215	Militärmuseum
DE-MUS-925117	Museumsbahn_Bremerhaven-Bederkesa
DE-MUS-925919	Blindenmuseum_Hannover
DE-MUS-926110	Archäologisches_Zentrum_Hitzacker
DE-MUS-926610	Ausstellungszentrum_für_die_Archäologie_des_Emslandes
DE-MUS-927217	Museum_im_Zeughaus
DE-MUS-928814	Indianermuseum_Bretten
DE-MUS-930510	Wiesentäler_Textilmuseum
DE-MUS-931815	Deutsches_Schuhmuseum
DE-MUS-937917	Burg_Pyrmont
DE-MUS-941619	Burg_Reichenstein
DE-MUS-943615	Archäologisches_Museum_Essenbach
DE-MUS-943813	Furthmühle
DE-MUS-944014	Jüdisches_Museum_Franken
DE-MUS-945413	Skulpturenmuseum_im_Hofberg
DE-MUS-946312	Römerkastell_Abusina
DE-MUS-949717	Dorfschule
DE-MUS-950816	Rungehaus_Wolgast
DE-MUS-951319	Drandorfhof
DE-MUS-953211	Spargelmuseum
DE-MUS-953513	Gotisches_Haus
DE-MUS-954516	Weberhaus
DE-MUS-955217	Marie-Hager-Haus
DE-MUS-956012	Mecklenburgisches_Orgelmuseum
DE-MUS-956314	Fischerstube
DE-MUS-956616	Bildhauermuseum_Prof._Wandschneider
DE-MUS-958914	Museum_der_Strohverarbeitung
DE-MUS-959011	Technisches_Museum
DE-MUS-960412	Fahrzeugmuseum_Frankenberg
DE-MUS-961019	Erzgebirgische_Volkskunst
DE-MUS-962616	Glashüttenmuseum_des_Erzgebirges
DE-MUS-964810	Museum_für_russlanddeutsche_Kulturgeschichte
DE-MUS-967319	Sandsteinmuseum_Bad_Bentheim
DE-MUS-973611	Museum_am_Stadtsee
DE-MUS-973913	Erdöl-Erdgas-Museum_Twist
DE-MUS-974218	Torf-_und_Siedlungsmuseum
DE-MUS-975919	Jüdisches_Museum_Berlin
DE-MUS-976016	Marinemuseum_Dänholm
DE-MUS-977613	Ebinger_Heimatmuseum
DE-MUS-980614	Carl_Bosch_Museum_Heidelberg
DE-MUS-982412	KZ-Gedenkstätte_Neckarelz
DE-MUS-983019	Klostermuseum_Ochsenhausen
DE-MUS-983717	Archäologisches_Landesmuseum_Brandenburg_im_Paulikloster
DE-MUS-984012	Gedenkstätte_Synagoge_Baisingen
DE-MUS-984616	Alte_Schmiede
DE-MUS-987615	Karnevalsmuseum
DE-MUS-988618	Museum_Küppersmühle_für_Moderne_Kunst
DE-MUS-989913	Ortsgeschichtliches_Museum_Inden
DE-MUS-991619	Mikwe
DE-MUS-991713	Skulpturenpark_Köln
DE-MUS-992112	Brückenhofmuseum
DE-MUS-995215	Manuelskotten
DE-MUS-996114	Stadtgalerie
DE-MUS-997617	Gedenkstätte_Ehrenhain_Zeithain
DE-MUS-997711	Gedenkstätte_Pirna-Sonnenstein
DE-Pir8	Stadtbibliothek_Pirna
DE-Rot2	Diözesanbibliothek_Rottenburg
DE-Rt5	Ekz.bibliotheksservice
DE-Rt5	ekz.bibliotheksservice_GmbH
DE-San6	Spengler-Museum
DE-Sp2	Bibliothek_des_Bischöflichen_Priesterseminars_St._German
DE-Sp2	Diözesanbibliothek_Speyer
DE-Srb2	Literaturarchiv_Sulzbach-Rosenberg
DE-Ste3	Stadtbibliothek_Stendal
DE-Tr9	Stadtbibliothek_Trier
DE-Tr9	Vorlage:Infobox_Bibliothek/Doku
DE-Va1	Universitätsbibliothek_Vechta
DE-Wi27	DiViBib_GmbH
DE-Wim2	Universitätsbibliothek_Weimar
DE-Wit1	Verein_für_Orts-_und_Heimatkunde_in_der_Grafschaft_Mark
DE-Wit2	Stadtarchiv_Witten
DE-Wup3	Stadtarchiv_Wuppertal
DE-X1	Stiftsbibliothek_Xanten
DE-Zwi17	Robert-Schumann-Haus_Zwickau
EG-AlBA	Bibliotheca_Alexandrina
EG-CaNU	Nile_University
ES-BaABL	Reial_Acadèmia_de_Bones_Lletres_de_Barcelona
ES-BaBAB	Ateneu_Barcelonès
ES-BaIEC	Institut_d'Estudis_Catalans
ES-BaMM	Museu_Marítim_de_Barcelona
ES-BaUAB	Universitat_Autònoma_de_Barcelona
ES-BaUB	Universitat_de_Barcelona
ES-BaUPC	Universitat_Politècnica_de_Catalunya
ES-BaUPF	Universitat_Pompeu_Fabra
ES-BlULI	Universitat_de_les_Illes_Balears
ES-GrU	Universidad_de_Granada
ES-SlU	Universidad_de_Salamanca
FrFIEA	Institut_européen_d'administration_des_affaires
FrLemU	Université_du_Maine
FrLy	Bibliothèque_Municipale_de_Lyon
FrPBN	Bibliothèque_nationale
FrPCF	Collège_de_France
FrPCNC	Centre_national_de_la_cinématographie
FrPHN	Muséum_national_d'histoire_naturelle
FrPIEA	International_Energy_Agency
FrPISP	International_School_of_Paris
FrPUPM	Université_Pierre_et_Marie_Curie
GtGtUSC	Universidad_de_San_Carlos_de_Guatemala
GY-GeU	University_of_Guyana
HuBpCEU	Central_European_University
HuBpMOL	Magyar_Országos_Levéltár
HuPeTE	Pécsi_Tudományegyetem
IE-DuCBL	Chester_Beatty_Library
IeDuNL	National_Library_of_Ireland
IE-DuUC	University_College_Dublin
IE-LiU	University_of_Limerick
IE-TaIT	Institute_of_Technology
IL-JeEL	Ex_Libris
IN-AhIIM	Indian_Institute_of_Management
IsRW	Weizmann_Institute_of_Science
ItFlIMS	Istituto_e_Museo_di_Storia_della_Scienza
IT-MiUS	Università_degli_Studi_di_Milano
IT-NaSZA	Stazione_Zoologica_Anton_Dohrn
IT-PA0188	Biblioteca_Liciniana
ItRAAR	American_Academy_in_Rome
IT-RoBS	British_School_at_Rome
IT-RoJCU	John_Cabot_University
IT-RoNDC	NATO_Defense_College
JFuU	Fukui_Daigaku
JOU	Osaka_Daigaku
KR-SlU	Korea_University
KR-YsKHU	Kyung_Hee_University
LeBAU	American_University_of_Beirut
MX-CoU	Universidad_de_Colima
MX-GjU	Universidad_de_Guanajuato
MX-GuU	Universidad_de_Guadalajara
MX-HeUS	Universidad_de_Sonora
MX-MoT	Instituto_Tecnológico_y_de_Estudios_Superiores_de_Monterrey
MX-MxCN	Cineteca_Nacional
MX-MxITA	Instituto_Tecnológico_Autónomo_de_México
MX-MxUI	Universidad_Iberoamericana
MX-PuBUA	Benemérita_Universidad_Autónoma_de_Puebla
MX-ZcUA	Universidad_Autónoma_de_Zacatecas
MY-CyMMU	Multimedia_University
MY-KkUS	Universiti_Malaysia_Sabah
MY-KlNDU	National_Defence_University_of_Malaysia
MY-KuUP	Universiti_Malaysia_Pahang
MyMiUSM	Universiti_Sains_Malaysia
MY-SiUU	Universiti_Utara_Malaysia
NG-LaEMD	EMD
NL-AmISG	International_Institute_of_Social_History
NL-AmKIT	Koninklijk_Instituut_voor_de_Tropen
NL-AmNF	Nederlands_Filmmuseum
NL-AmRIJ	Rijksmuseum
NL-DeTU	Technische_Universiteit_Delft
NL-EhTU	Technische_Universiteit_Eindhoven
NL-HaKB	Koninklijke_Bibliotheek
NL-HaNA	Nationaal_Archief
NL-LeU	Universiteitsbibliotheek_Leiden
NlNoSPC	Secretariat_of_the_Pacific_Community
NoBeU	Universitetet_i_Bergen
NoOU	Universitetet_i_Oslo
NrIbU	University_of_Ibadan
NzAU	University_of_Auckland
Nz	National_Library_of_New_Zealand
OCLC-UTO	Robarts_Library
PhMaAMU	Ateneo_de_Manila_University
PhQcU	University_of_the_Philippines
PlWaBN	Biblioteka_Narodowa
PlWaU	Uniwersytet_Warszawski
PT-PoBMA	Biblioteca_Municipal_Almeida_Garrett
SaBvUWC	University_of_the_Western_Cape
SaPrCSIR	Council_for_Scientific_and_Industrial_Research
SaPrUP	University_of_Pretoria
SaPrUSA	University_of_South_Africa
SaRbUCT	University_of_Cape_Town
SaStU	University_of_Stellenbosch
SaWiU	University_of_the_Witwatersrand
SiSiNU	National_University_of_Singapore
SL-KwU	University_of_Swaziland
SpMaUC	Universidad_Complutense_de_Madrid
SpSeAG	Archivo_General_de_Indias
SpSiAG	Archivo_General_de_Simancas
SwMaWMU	World_Maritime_University
SwSKB	Kungliga_Biblioteket
SzBaM	Museum_für_Völkerkunde_und_Schweizerisches_Museum_für_Volkskunde
SzBaU	Universität_Basel
SZ-ChBGR	Kantonsbibliothek_Graubünden
SzGeCERN	CERN
SZ-GeWHO	World_Health_Organization
SzGeWIPO	World_Intellectual_Property_Organization
SzLaMD	International_Institute_for_Management_Development
Sz	Schweizerische_Nationalbibliothek
SzZuETH	Eidgenössische_Technische_Hochschule_Zürich
SzZuIDS	Informationsverbund_Deutschschweiz
SzZuZB	Zentralbibliothek_Zürich
TH-NoSTO	Sukhothai_Thammathirat_Open_University
TH-SpTCI	Thai-Chinese_International_School
TR-AnTIK	Türkiye_İstatistik_Kurumu
US-AAP	Auburn_University
US-AFlT	University_of_North_Alabama
US-AHAU	University_of_Alabama_in_Huntsville
US-AJacT	Jacksonville_State_University
US-AkPT	Tongass_National_Forest
US-AMobU	University_of_South_Alabama
US-AMonA	University_of_Montevallo
US-AMS	Alabama_State_University
US-ANA	Alabama_Agricultural_and_Mechanical_University
US-ArCCA	University_of_Central_Arkansas
US-ArCH	Hendrix_College
US-ArLA	Arkansas_Arts_Center
US-ArLUA	University_of_Arkansas_at_Little_Rock
US-ArPbUA	University_of_Arkansas_at_Pine_Bluff
US-ArStC	Arkansas_State_University
US-ArU-Mon	University_of_Arkansas_at_Monticello
US-ArU	University_of_Arkansas
US-ATrT	Troy_State_University
US-ATT	Tuskegee_Institute
US-AU	University_of_Alabama
US-AzFU	Northern_Arizona_University
US-AzTeS	Arizona_State_University
US-AzTK	Kitt_Peak_National_Observatory
US-AzU	University_of_Arizona
US-CaAwUCM	University_of_California,_Merced
US-CaCamCUC	California_State_University,_Channel_Islands
US-CaMtrIIS	Monterey_Institute_of_International_Studies
US-CaMvCHM	Computer_History_Museum
US-Ca-MvGOO	Google
US-CaOrlFS	Fairview_School
US-CApC	Cabrillo_College
US-CaPoiNS	Point_Reyes_National_Seashore
US-CArcHT	Humboldt_State_University
US-CaRpSSU	Sonoma_State_University
US-CaSfIA	Internet_Archive
US-CBbWD	Walt_Disney_Productions
US-CCdmS	Sherman_Library_and_Gardens
US-CChiS	California_State_University,_Chico
US-CCuH	Hughes_Aircraft_Company
US-CCupACI	Apple_Computer_Inc.
US-CDs	Deep_Springs_College
US-CFlS	California_State_University,_Fullerton
US-CFS	California_State_University,_Fresno
US-CIoP	Preston_School_of_Industry
US-CLAc	Academy_of_Motion_Picture_Arts_and_Sciences
US-CLCLH	Cedars-Sinai_Medical_Center
US-CLCMAr	Los_Angeles_County_Museum_of_Art
US-CLLoy	Loyola_Marymount_University
US-CLobS	California_State_University,_Long_Beach
US-CLS	California_State_University,_Los_Angeles
US-CLSSV	Survivors_of_the_Shoah_Visual_History_Foundation
US-CLSU	University_of_Southern_California
US-CLT	Los_Angeles_Times
US-CMalG	J._Paul_Getty_Museum
US-CMalP	Pepperdine_University
US-CNoS	California_State_University,_Northridge
US-CoAlC	Adams_State_College
US-CoBA	National_Center_for_Atmospheric_Research
US-CoCCC	Colorado_College
US-CoDA	Denver_Art_Museum
US-CoDuF	Fort_Lewis_College
US-CoFS	Colorado_State_University
US-CoFsFBN	Florissant_Fossil_Beds_National_Monument
US-CoG	Colorado_School_of_Mines
US-CoGrU	University_of_Northern_Colorado
US-COMC	Mills_College
US-CoU-CS	University_of_Colorado_at_Colorado_Springs
US-CoU	University_of_Colorado
US-CPaE	Electric_Power_Research_Institute
US-CPFT	Fuller_Theological_Seminary
US-CPJP	Jet_Propulsion_Laboratory
US-CPT	California_Institute_of_Technology
US-CRedlU	University_of_Redlands
US-CSdMA	San_Diego_Museum_of_Art
US-CSdS	San_Diego_State_University
US-CSdU	University_of_San_Diego
US-CSdZ	San_Diego_Zoo
US-CSfA	California_Academy_of_Sciences
US-CSfBe	Bechtel_Corporation
US-CSfDeY	M._H._de_Young_Memorial_Museum
US-CSfFAM	Fine_Arts_Museums_of_San_Francisco
US-CSfGG	Golden_Gate_University
US-CSfMMA	San_Francisco_Museum_of_Modern_Art
US-CSfMM	San_Francisco_Maritime_National_Historical_Park
US-CSfMus	San_Francisco_Museum_of_Art
US-CSfPG	Pacific_Gas_and_Electric_Company
US-CSfSC	Sierra_Club
US-CSfSt	San_Francisco_State_University
US-CSfU	University_of_San_Francisco
US-CSfWF	Wells_Fargo_Bank
US-CSjU	San_Jose_State_University
US-CSluSP	California_Polytechnic_State_University
US-CSmarS	California_State_University,_San_Marcos
US-CSpSR	Stanford_Research_Institute
US-CSS	California_State_University,_Sacramento
US-CStclI	Intel_Corporation
US-CStoC	University_of_the_Pacific
US-CSt	Stanford_University
US-CTarA	American_Astronomical_Society
US-CtBeJS	Johnson_School
US-CtEhUA	United_Aircraft_Corporation
US-CtFaU	Fairfield_University
US-CtFP	Miss_Porter's_School
US-CtHamQ	Quinnipiac_College
US-CtHWa	Wadsworth_Atheneum
US-CtNhU	University_of_New_Haven
US-CTorrGA	Garrett_AiResearch
US-CtU	University_of_Connecticut
US-CtWeharU	University_of_Hartford
US-CtWepSC	Save_The_Children
US-CtW	Wesleyan_University
US-CValA	California_Institute_of_the_Arts
US-CVM	California_Maritime_Academy
US-DAAAS	American_Association_for_the_Advancement_of_Science
US-DAARP	American_Association_of_Retired_Persons
US-DACS	American_Chemical_Society
US-DAIA	American_Institute_of_Architects
US-DAmPA	American_Psychiatric_Association
US-DAPI	American_Petroleum_Institute
US-DAU	American_University
US-DBI	Brookings_Institution
US-DBML	Baker_&amp;_McKenzie
US-DCI	Carnegie_Institution_of_Washington
US-DCU	Catholic_University_of_America
US-DcWaAPA	American_Psychological_Association
US-DcWaMPD	Metropolitan_Police_Department
US-DEI	Export-Import_Bank_of_the_United_States
US-DeU	University_of_Delaware
US-DeWiDAM	Delaware_Art_Museum
US-DeWint	Henry_Francis_DuPont_Winterthur_Museum
US-DFDI	Federal_Deposit_Insurance_Corporation
US-DFEM	Federal_Emergency_Management_Agency
US-DGC	Gallaudet_University
US-DGU	Georgetown_University
US-DGW	George_Washington_University
US-DHU	Howard_University
US-DIDB	Inter-American_Development_Bank
US-DIFP	International_Food_Policy_Research_Institute
US-DLC	Library_of_Congress
US-DLC	Moldenhauer_Archives
US-DNBM	National_Building_Museum
US-DNDAR	Daughters_of_the_American_Revolution
US-DNDU	National_Defense_University
US-DNEH	National_Endowment_for_the_Humanities
US-DNG	National_Geographic_Society
US-DNSF	National_Science_Foundation
US-DNT	National_Trust_for_Historic_Preservation
US-DNWM	National_Museum_of_Women_in_the_Arts
US-DOAS	Organization_of_American_States
US-DPHC	Phillips_Collection
US-DSI	Smithsonian_Institution
US-DSoC	Society_of_the_Cincinnati
US-DTC	International_Trade_Commission
US-EdC	EDCO
US-GaAaCC	Coca-Cola
US-GAHM	High_Museum_of_Art
US-GAMARTA	Metropolitan_Atlanta_Rapid_Transit_Authority
US-GAM	Morehouse_College
US-GASU	Georgia_State_University
US-GAT	Georgia_Institute_of_Technology
US-GEU	Emory_University
US-GGlF	Federal_Law_Enforcement_Training_Center
US-GSaTMA	Telfair_Museum_of_Art
US-GSFPN	Fort_Pulaski_National_Monument
US-HHB	Bernice_P._Bishop_Museum
US-HiPcUWO	University_of_Hawaii-West_Oahu
US-HU	University_of_Hawaii
US-IaAdeCoC	Dallas_County_Courthouse
US-IaAlnBCo	Butler_County_Courthouse
US-IaBoCoC	Boone_County_Courthouse
US-IaCbWWJ	Woodrow_Wilson_Junior_High_School
US-IaCfT	University_of_Northern_Iowa
US-IaCheCoC	Cherokee_County_Courthouse
US-IaCoryWC	Wayne_County_Courthouse
US-IaCreHC	Howard_County_Courthouse
US-IaDaCoC	Scott_County_Courthouse
US-IaDmOF	Odd_Fellows_Temple
US-IaDooP	Press
US-IaDvF	Forum
US-IaEE	Eagle
US-IaEsxFN	First_National_Bank
US-IaHampFC	Franklin_County_Courthouse
US-IaIndpBC	Buchanan_County_Courthouse
US-IaJGCoC	Greene_County_Courthouse
US-IaMediN	New_Era
US-IaNewtJC	Jasper_County_Courthouse
US-IaNowdWC	Worth_County_Courthouse
US-IaOsaCoC	Mitchell_County_Courthouse
US-IaOscCoC	Clarke_County_Courthouse
US-IaPerC	Chief
US-IArg	Argonne_National_Laboratory
US-IaRrLCoC	Lyon_County_Courthouse
US-IaSibCoC	Osceola_County_Courthouse
US-IaSidCoC	Fremont_County_Courthouse
US-IaTipCoC	Cedar_County_Courthouse
US-IaU	University_of_Iowa
US-IaWapCoC	Louisa_County_Courthouse
US-IaWuCoC	Fayette_County_Courthouse
US-ICA	Art_Institute_of_Chicago
US-ICAC	American_College_of_Surgeons
US-ICALA	American_Library_Association
US-ICAM	American_Medical_Association
US-ICarbS	Southern_Illinois_University
US-ICBCG	Boston_Consulting_Group
US-ICF	Field_Museum_of_Natural_History
US-ICharE	Eastern_Illinois_University
US-ICI	Illinois_Institute_of_Technology
US-ICMen	Chicago_Mercantile_Exchange
US-ICNE	Northeastern_Illinois_University
US-ICN	Newberry_Library
US-ICRM	Rush_Medical_College
US-ICSears	Sears,_Roebuck_and_Company
US-ICSU	Chicago_State_University
US-ICTA	Chicago_Transit_Authority
US-ICU	University_of_Chicago
US-IdBB	Boise_State_University
US-IdBoSOUT	South_Junior_High_School
US-IDekN	Northern_Illinois_University
US-IdLN	Lewis-Clark_State_College
US-IdPI	Idaho_State_University
US-IdU	University_of_Idaho
US-IEN	Northwestern_University
US-IGK	Knox_College
US-IHigp	Highland_Park_Public_Library
US-IlChMBC	Museum_of_Broadcast_Communications
US-IlDesTC	The_Center
US-ILinH	Hewitt_Associates
US-IlSfU	University_of_Illinois_at_Springfield
US-IMacoW	Western_Illinois_University
US-INcA	Abbott_Laboratories
US-InES	University_of_Southern_Indiana
US-InEWS	West_Side_Story
US-InGo	Goshen_College
US-InIB	Butler_University
US-InIPS	Indianapolis_Public_Schools
US-InLcLM	Lincoln_Boyhood_National_Memorial
US-InLP	Purdue_University
US-InMuB	Ball_State_University
US-InNd	University_of_Notre_Dame
US-INS	Illinois_State_University
US-InTI	Indiana_State_University
US-InU	Indiana_University
US-InValU	Valparaiso_University
US-IPB	Bradley_University
US-IPfsG	Governors_State_University
US-ISS	Sangamon_State_University
US-IU	University_of_Illinois
US-KEmU	Emporia_State_University
US-KMK	Kansas_State_University
US-KPT	Pittsburg_State_University
US-KU	University_of_Kansas
US-KWiU	Wichita_State_University
US-KWSJ	Saint_John's_College
US-KyBgW	Western_Kentucky_University
US-KyFSC	Kentucky_State_University
US-KyHhN	Northern_Kentucky_University
US-KyLoU	University_of_Louisville
US-KyMoreU	Morehead_State_University
US-KyMurT	Murray_State_University
US-KyOwK	Kentucky_Wesleyan_College
US-KyRE	Eastern_Kentucky_University
US-KyU	University_of_Kentucky
US-KyWAT	Asbury_Theological_Seminary
US-LAnP	Louisiana_State_Penitentiary
US-LHS	Southeastern_Louisiana_University
US-LLafS	University_of_Southwestern_Louisiana
US-LLcM	McNeese_State_University
US-LNT	Tulane_University
US-LNX	Xavier_University
US-LU	Louisiana_State_University
US-MA	Amherst_College
US-MaCbCC	Christ_Church
US-MaCbMITP	MIT_Press
US-MaLitFBC	First_Baptist_Church
US-MaLyAI	Amnesty_International
US-MAnP	Phillips_Academy
US-MaWcACA	Worcester_Academy
US-MaWhOI	Woods_Hole_Oceanographic_Institution
US-MBACFM	American_Board_of_Commissioners_for_Foreign_Missions
US-MBAt	Boston_Athenaeum
US-MBBKC	Berklee_College_of_Music
US-MBCM	New_England_Conservatory_of_Music
US-MBdMi	Mitre_Corporation
US-MBE	Emerson_College
US-MBEmm	Emmanuel_College
US-MBNU	Northeastern_University
US-MBSuf	Suffolk_University
US-MBUF	United_Fruit_Company
US-MCM	Massachusetts_Institute_of_Technology
US-MCR	Radcliffe_College
US-MeBarhJ	Jackson_Laboratory
US-MeB	Bowdoin_College
US-MeLB	Bates_College
US-MeMacWCC	Washington_County_Courthouse
US-MeU	University_of_Maine
US-MH	Harvard_University
US-MiAaES	Emerson_School
US-MiBloA	Cranbrook_Academy_of_Art
US-MiDACI	American_Concrete_Institute
US-MiDA	Detroit_Institute_of_Arts
US-MiDbF	Ford_Motor_Company
US-MiDU	University_of_Detroit
US-MiDW	Wayne_State_University
US-MiEM	Michigan_State_University
US-MiGhCS	Central_School
US-MiHM	Michigan_Technological_University
US-MiKW	Western_Michigan_University
US-MiMarqN	Northern_Michigan_University
US-MiMtpT	Central_Michigan_University
US-MiRochOU	Oakland_University
US-MiSjoWC	Wilson_Center
US-MiU	University_of_Michigan
US-MiWbH	Holocaust_Memorial_Center
US-MiYEM	Eastern_Michigan_University
US-MLowU	University_of_Lowell
US-MMeT	Tufts_University
US-MnBemS	Bemidji_State_University
US-MnHi	Minnesota_Historical_Society
US-MnMIA	Minneapolis_Institute_of_Arts
US-MnM	Minneapolis_Public_Library
US-MnMMSC	MTS_Systems_Corporation
US-MnMW	Walker_Art_Center
US-MnNC	Carleton_College
US-MnRM	Mayo_Clinic
US-MnSH	Hamline_University
US-MnSM	Macalester_College
US-MNS	Smith_College
US-MnSSpU	Sperry_Univac
US-MnWinoSM	Saint_Mary's_University_of_Minnesota
US-MnWoLS	Lakeview_School
US-MoCgS	Southeast_Missouri_State_University
US-ModLA	Modern_Language_Association
US-MoJcL	Lincoln_University
US-MoKA	American_Nurses_Association
US-MoSB	Missouri_Botanical_Garden
US-MoSDM	National_Geospatial-Intelligence_Agency
US-MoSJNE	Jefferson_National_Expansion_Memorial
US-MoSU	Saint_Louis_University
US-MoSW	Washington_University
US-MoU	University_of_Missouri
US-MQA	Adams_National_Historical_Park
US-MsHaU	University_of_Southern_Mississippi
US-MShM	Mount_Holyoke_College
US-MsSM	Mississippi_State_University
US-MsU	University_of_Mississippi
US-MtDeGKR	Grant-Kohrs_Ranch_National_Historic_Site
US-MtHC	Carroll_College
US-MtHsHS	Hot_Springs_High_School
US-MU	University_of_Massachusetts
US-MWalB	Brandeis_University
US-MWC	Clark_University
US-MWelC	Wellesley_College
US-MWhB	Marine_Biological_Laboratory
US-MWiCA	Sterling_and_Francine_Clark_Art_Institute
US-MWiW	Williams_College
US-MWM	Worcester_Art_Museum
US-NAlA	Albany_Medical_College
US-NAlD	Dudley_Observatory
US-NBC	Brooklyn_College
US-NBetG	Grumman_Aerospace_Corporation
US-NBLiU	Long_Island_University
US-NBmK	King's_College
US-NbOJ	Joslyn_Art_Museum
US-NbOU	University_of_Nebraska_at_Omaha
US-NBP	Pratt_Institute
US-NBronSL	Sarah_Lawrence_College
US-NBuCC	Canisius_College
US-NbU	University_of_Nebraska-Lincoln
US-NBuU	State_University_of_New_York_at_Buffalo
US-NcAh	Ahoskie_Public_Library
US-NcBoA	Appalachian_State_University
US-NcConEBC	Emmanuel_Baptist_Church
US-NcCU	University_of_North_Carolina_at_Charlotte
US-NcCuW	Western_Carolina_University
US-NcD	Duke_University
US-NcDurC	North_Carolina_Central_University
US-NcFayS	Fayetteville_State_University
US-NcGA	North_Carolina_Agricultural_and_Technical_State_University
US-NcGrE	East_Carolina_University
US-NcGU	University_of_North_Carolina_at_Greensboro
US-NcJacL	Northampton_County_Memorial_Library
US-NcLilSA	Star_Academy
US-NCorniC	Corning_Glass_Works
US-NCorniM	Corning_Museum_of_Glass
US-NcU	University_of_North_Carolina
US-NcWind	Lawrence_Memorial_Public_Library
US-NcWsW	Wake_Forest_University
US-NcWU	University_of_North_Carolina_at_Wilmington
US-NdFA	North_Dakota_State_University
US-NdU	University_of_North_Dakota
US-NGlcP	Pall_Corporation
US-NHC	Colgate_University
US-NhD	Dartmouth_College
US-NHemFE	Franklin_School
US-NHemH	Hofstra_University
US-NhExP	Phillips_Exeter_Academy
US-NHigm	Rushmore_Memorial_Library
US-NhU	University_of_New_Hampshire
US-NIC	Cornell_University
US-NjAvH	Herald
US-NjEoA	Advocate
US-NjFhUGA	United_States_Golf_Association
US-NjHoGF	General_Foods_Corporation
US-NjHoS	Stevens_Institute_of_Technology
US-NjMayO	Our_Town
US-NjMhPM	Burlington_County_Prison_Museum
US-NjMiC	Courier
US-NjMuB	Bell_Telephone_Laboratories
US-NjNbRU	Rutgers_University
US-NjPatNe	News
US-NjPauR	Record
US-NjPE	Educational_Testing_Service
US-NjPeqB	Beacon
US-NjPI	Institute_for_Advanced_Study
US-NjPlaV	Voice
US-NjP	Princeton_University
US-NjScpT	Times
US-NjSooS	Seton_Hall_University
US-NjTM	Monitor
US-NjTrR	Reporter
US-NjUcRVS	Roosevelt_School
US-NjUcS	Shield
US-NmLaS	Los_Alamos_Scientific_Laboratory
US-NmLcU	New_Mexico_State_University
US-NNAB	American_Bible_Society
US-NNACS	American_Cancer_Society
US-NNAIA	American_Institute_of_Certified_Public_Accountants
US-NNAIP	American_Institute_of_Physics
US-NNAJ	American_Jewish_Committee
US-NNAKC	American_Kennel_Club
US-NNAL	American_Academy_of_Arts_and_Letters
US-NNAnF	Anthology_Film_Archives
US-NNAuS	National_Audubon_Society
US-NNBG	New_York_Botanical_Garden
US-NNCB	College_Board
US-NNC	Columbia_University
US-NNCE	Carnegie_Endowment_for_International_Peace
US-NNCFR	Council_on_Foreign_Relations
US-NNCoo	Cooper_Union_for_the_Advancement_of_Science_and_Art
US-NNFF	Ford_Foundation
US-NNF	Fordham_University
US-NNGu	Solomon_R._Guggenheim_Museum
US-NNHHL	Lehman_College
US-NNhSM	Special_Metals_Corporation
US-NNJJ	John_Jay_College_of_Criminal_Justice
US-NNJu	Juilliard_School_of_Music
US-NNLBI	Leo_Baeck_Institute
US-NNMM	Metropolitan_Museum_of_Art
US-NNMNH	American_Museum_of_Natural_History
US-NNMoMA	Museum_of_Modern_Art
US-NNMSK	Memorial_Sloan-Kettering_Cancer_Center
US-NNMSM	Manhattan_School_of_Music
US-NNMus	Museum_of_the_City_of_New_York
US-NN	New_York_Public_Library
US-NNNMCA	New_Museum_of_Contemporary_Art
US-NNNS	New_School_for_Social_Research
US-NNPA	Port_Authority_of_New_York_and_New_Jersey
US-NNParS	Parsons_School_of_Design
US-NNPM	Pierpont_Morgan_Library
US-NNRocF	Rockefeller_Foundation
US-NNRU	Rockefeller_University
US-NNSaB	Salomon_Brothers
US-NNSAE	Society_of_Automotive_Engineers
US-NNSJD	Cathedral_of_Saint_John_the_Divine
US-NNSPo	Standard_and_Poor's_Corporation
US-NNSSS	South_Street_Seaport_Museum
US-NNSVA	School_of_Visual_Arts
US-NNT	New_York_Times
US-NNU	New_York_University
US-NNWhit	Whitney_Museum_of_American_Art
US-NNYU	Yeshiva_University
US-NOdCMH	Oneida_Community_Mansion_House
US-NPhMML	Morton_Memorial_Library
US-NPV	Vassar_College
US-NRE	Eastman_Kodak_Company
US-NRGE	George_Eastman_House
US-NRRI	Rochester_Institute_of_Technology
US-NRU	University_of_Rochester
US-NSbSU	State_University_of_New_York_at_Stony_Brook
US-NSch	Schenectady_County_Public_Library
US-NSyU	Syracuse_University
US-NTR	Rensselaer_Polytechnic_Institute
US-NyNyAFA	American_Folk_Art_Museum
US-NyNyDN	Democracy_Now
US-NyNyFHNM	Federal_Hall_National_Memorial
US-NyNyGGN	General_Grant_National_Memorial
US-NyNyJM	Jewish_Museum
US-NyNyTOC	Touro_College
US-OkNoESL	English_as_a_Second_Language
US-OkS	Oklahoma_State_University
US-OkTU	University_of_Tulsa
US-OkU	University_of_Oklahoma
US-OrCS	Oregon_State_University
US-OrGrZH	Zimmerman_House
US-OrHi	Oregon_Historical_Society
US-OrPHS	Oregon_Health_&amp;_Science_University
US-OrPR	Reed_College
US-OrPS	Portland_State_University
US-OrPT	Temple_Beth_Israel
US-OrPU	University_of_Portland
US-OrSaW	Willamette_University
US-RiNpITH	International_Tennis_Hall_of_Fame
US-RNN	Naval_War_College
US-RPAM	American_Mathematical_Society
US-RPB	Brown_University
US-RPD	Rhode_Island_School_of_Design
US-RPPC	Providence_College
US-RPRC	Rhode_Island_College
US-RUn	University_of_Rhode_Island
US-ScCCit	Citadel
US-ScCleU	Clemson_University
US-ScGF	Furman_University
US-ScGrWPC	Westminster_Presbyterian_Church
US-ScHaC	Coker_College
US-Sc	South_Carolina
US-ScU	University_of_South_Carolina
US-SdB	South_Dakota_State_University
US-SdU	University_of_South_Dakota
US-TClA	Austin_Peay_State_University
US-TCooP	Tennessee_Technological_University
US-TCU	University_of_Tennessee_at_Chattanooga
US-TJoS	East_Tennessee_State_University
US-TKTVA	Tennessee_Valley_Authority
US-TMaU	University_of_Tennessee_at_Martin
US-TNF	Fisk_University
US-TNTU	University_of_Tennessee
US-TSU	Tennessee_State_University
US-TxArU	University_of_Texas_at_Arlington
US-TxCcIWA	Incarnate_Word_Academy
US-TxCM	Texas_A_and_M_University
US-TxDaCR	Collins_Radio_Company
US-TxDaM	Southern_Methodist_University
US-TxDN	University_of_North_Texas
US-TxDpSC	Shell_Chemical_Company
US-TxEU	University_of_Texas_at_El_Paso
US-TxFK	Kimbell_Art_Museum
US-TxFTC	Texas_Christian_University
US-TxHHC	Houston_Chronicle
US-TxHHT	Hughes_Tool_Company
US-TxHoHM	Holocaust_Museum_Houston
US-TxHoISD	Houston_Independent_School_District
US-TxHoS	Houston_Symphony
US-TxHR	Rice_University
US-TxHTSU	Texas_Southern_University
US-TxHUC	Union_Carbide_Company
US-TxHuT	Sam_Houston_State_University
US-TxHU	University_of_Houston
US-TxLT	Texas_Tech_University
US-TxNaSFA	Stephen_F._Austin_State_University
US-TxSalA	Angelo_State_University
US-TxSaSM	Saint_Mary's_University
US-TxSaSR	Southwest_Research_Institute
US-TxSaU	University_of_Texas_at_San_Antonio
US-TxSmS [obsolete; do not use]	Southwest_Texas_State_University
US-TxSmTSU	Texas_State_University-San_Marcos
US-TxTA	American_Oil_Company
US-TxTyU	University_of_Texas_at_Tyler
US-TxU-Da	University_of_Texas_at_Dallas
US-TxU-O	University_of_Texas_of_the_Permian_Basin
US-TxWB	Baylor_University
US-ULA	Utah_State_University
US-UOW	Weber_State_University
US-UPrE	College_of_Eastern_Utah
US-UtOrUVU	Utah_Valley_University
US-UU	University_of_Utah
US-VaApCHN	Appomattox_Court_House_National_Historical_Park
US-ViAlID	Institute_for_Defense_Analyses
US-ViArDEA	Drug_Enforcement_Administration
US-ViBlbV	Virginia_Polytechnic_Institute_and_State_University
US-ViFGM	George_Mason_University
US-ViFreM	University_of_Mary_Washington
US-ViHarT	James_Madison_University
US-ViLxV	Virginia_Military_Institute
US-ViLxW	Washington_and_Lee_University
US-ViMcC	Central_Intelligence_Agency
US-ViNO	Old_Dominion_University
US-ViRa	Radford_University
US-ViRCU	Virginia_Commonwealth_University
US-ViU	University_of_Virginia
US-ViW	College_of_William_and_Mary
US-ViWisC	University_of_Virginia's_College_at_Wise
US-VtBennC	Bennington_College
US-VtCasT	Castleton_State_College
US-VtJoT	Johnson_State_College
US-VtMiM	Middlebury_College
US-VtNN	Norwich_University
US-VtWinoS	Saint_Michael's_College
US-WvHuM	Marshall_University
US-WvU	West_Virginia_University
US-WyU	University_of_Wyoming
VcBA	Biblioteca_Apostolica_Vaticana
VE-CaUCV	Universidad_Central_de_Venezuela
ZA-JbU	University_of_Johannesburg
ZaLuU	University_of_Zambia
ZDB-13-SOC	OECD_iLibrary
ZDB-1-NAI	North_American_Immigrant_Letters,_Diaries_and_Oral_Histories
ZDB-1-PGL	Patrologia_graeca
ZDB-1-WBI	World_Biographical_Information_System
ZDB-46-DGZ	DigiZeitschriften
ZM-NdNU	Northrise_University
ZW-OmAU	Africa_University
